record_id,sensor_id,location,soil_moisture_percent,temperature_celsius,humidity_percent,timestamp,status,battery_voltage,irrigation_action
1,SENSOR_4,Farm B,25.6,29.9,41.1,2025-07-03 04:32:45,Wet,3.62,Reduce Irrigation
2,SENSOR_1,Farm A,57.29,27.1,62.5,2025-07-01 00:30:45,Critical Low,3.58,Reduce Irrigation
3,SENSOR_9,Farm C,45.26,23.3,82.4,2025-07-03 10:39:45,Dry,3.03,None
4,SENSOR_8,Farm C,37.93,31.8,73.9,2025-06-30 23:43:45,Dry,3.41,Irrigate
5,SENSOR_8,Farm A,13.58,29.6,78.4,2025-07-04 03:53:45,Dry,3.46,Reduce Irrigation
6,SENSOR_2,Farm A,70.1,22.5,90.0,2025-07-04 08:00:00,Critical High,3.1,Reduce Irrigation
7,SENSOR_5,Farm B,30.5,28.0,55.2,2025-07-02 14:15:00,Normal,3.55,None
8,SENSOR_3,Farm C,10.0,35.0,30.0,2025-07-01 18:30:00,Critical Low,3.3,Irrigate
9,SENSOR_6,Farm A,50.0,26.0,70.0,2025-07-05 09:45:00,Wet,3.4,Reduce Irrigation
10,SENSOR_7,Farm B,18.0,32.0,45.0,2025-07-06 01:00:00,Dry,3.6,Irrigate
11,SENSOR_4,Farm B,15.45,30.4,37.8,2025-06-16 02:10:11,Dry,3.16,Irrigate
12,SENSOR_5,Farm B,74.85,35.6,80.8,2025-06-05 03:15:27,Critical High,3.18,Reduce Irrigation
13,SENSOR_7,Farm A,24.45,21.1,91.0,2025-06-08 19:26:51,Dry,3.19,Irrigate
14,SENSOR_4,Farm B,60.25,31.0,65.4,2025-07-10 08:18:54,Critical High,3.37,Reduce Irrigation
15,SENSOR_4,Farm A,63.28,27.3,61.5,2025-07-13 13:40:40,Critical High,3.26,Reduce Irrigation
16,SENSOR_3,Farm B,53.1,24.9,92.6,2025-07-14 01:19:46,Wet,3.19,None
17,SENSOR_9,Farm C,32.16,26.1,40.1,2025-07-21 17:48:43,Normal,3.31,None
18,SENSOR_5,Farm B,8.0,27.2,77.9,2025-07-01 11:09:48,Critical Low,3.28,Irrigate
19,SENSOR_4,Farm B,36.8,38.3,46.1,2025-06-21 13:16:22,Normal,3.1,None
20,SENSOR_8,Farm C,34.25,25.0,24.8,2025-07-20 08:41:08,Normal,3.56,None
21,SENSOR_9,Farm A,38.85,33.4,85.7,2025-06-11 14:33:49,Normal,3.3,None
22,SENSOR_4,Farm C,26.27,30.7,79.0,2025-06-10 21:51:58,Normal,3.23,None
23,SENSOR_4,Farm A,9.45,27.1,46.6,2025-08-03 09:36:54,Critical Low,3.26,Irrigate
24,SENSOR_9,Farm A,47.07,32.9,49.5,2025-06-24 13:47:57,Wet,3.27,None
25,SENSOR_1,Farm A,21.43,30.9,74.5,2025-07-11 21:22:43,Dry,3.33,Irrigate
26,SENSOR_2,Farm B,25.83,30.6,75.5,2025-07-19 00:35:58,Normal,3.64,None
27,SENSOR_2,Farm C,16.59,22.3,64.6,2025-07-13 18:54:37,Dry,3.6,Irrigate
28,SENSOR_9,Farm C,28.84,21.7,62.6,2025-08-02 03:10:44,Normal,3.31,None
29,SENSOR_1,Farm C,57.61,38.5,24.0,2025-08-03 19:28:43,Wet,3.63,Reduce Irrigation
30,SENSOR_5,Farm B,44.15,30.4,40.6,2025-06-03 02:01:19,Wet,3.0,None
31,SENSOR_9,Farm B,38.05,33.5,78.7,2025-06-11 04:10:50,Normal,3.37,None
32,SENSOR_3,Farm B,56.14,25.8,78.7,2025-06-14 13:43:34,Wet,3.27,Reduce Irrigation
33,SENSOR_3,Farm A,8.0,24.4,89.9,2025-06-15 00:13:17,Critical Low,3.51,Irrigate
34,SENSOR_7,Farm C,12.06,28.2,64.2,2025-06-08 06:46:01,Critical Low,3.8,Irrigate
35,SENSOR_8,Farm A,15.96,32.3,45.4,2025-06-26 23:19:54,Dry,3.43,Irrigate
36,SENSOR_9,Farm C,30.63,28.9,61.1,2025-07-25 00:49:34,Normal,3.4,None
37,SENSOR_8,Farm C,35.62,25.7,56.7,2025-07-01 04:04:39,Normal,3.35,None
38,SENSOR_5,Farm A,72.4,31.1,76.2,2025-07-25 05:30:52,Critical High,3.01,Reduce Irrigation
39,SENSOR_2,Farm B,54.52,30.4,48.4,2025-07-08 17:05:41,Wet,3.45,Reduce Irrigation
40,SENSOR_4,Farm B,8.0,29.3,93.5,2025-07-15 07:09:50,Dry,3.32,Irrigate
41,SENSOR_8,Farm C,51.36,25.1,96.8,2025-07-24 07:13:24,Wet,3.48,None
42,SENSOR_4,Farm C,17.53,26.8,90.1,2025-06-08 08:13:11,Dry,3.24,Irrigate
43,SENSOR_2,Farm B,39.28,31.6,70.5,2025-06-02 07:04:31,Normal,3.41,None
44,SENSOR_1,Farm A,16.81,25.3,54.9,2025-08-03 09:13:19,Dry,3.45,None
45,SENSOR_6,Farm C,17.27,30.2,69.1,2025-06-09 09:46:41,Dry,3.46,None
46,SENSOR_2,Farm B,55.38,27.8,66.5,2025-07-21 05:57:13,Wet,3.32,Reduce Irrigation
47,SENSOR_7,Farm A,40.62,23.3,57.5,2025-06-23 18:30:45,Wet,3.52,None
48,SENSOR_5,Farm A,36.88,32.8,67.7,2025-07-12 18:37:33,Normal,3.75,None
49,SENSOR_9,Farm A,41.77,35.8,71.4,2025-06-15 06:16:09,Wet,3.35,None
50,SENSOR_2,Farm C,12.6,29.7,52.0,2025-06-23 17:42:16,Critical Low,3.56,Irrigate
51,SENSOR_3,Farm C,41.47,27.3,58.3,2025-07-16 14:50:40,Wet,3.26,Reduce Irrigation
52,SENSOR_2,Farm B,31.9,20.2,91.0,2025-08-02 19:13:36,Normal,3.52,None
53,SENSOR_1,Farm A,8.0,37.5,24.0,2025-06-06 13:33:54,Critical Low,3.45,Irrigate
54,SENSOR_1,Farm B,63.56,20.2,83.9,2025-07-20 16:33:25,Critical High,3.54,Reduce Irrigation
55,SENSOR_9,Farm C,8.0,30.7,75.5,2025-06-21 09:51:39,Critical Low,3.44,Irrigate
56,SENSOR_5,Farm A,37.68,24.4,79.4,2025-07-09 09:47:46,Normal,3.56,None
57,SENSOR_8,Farm B,45.98,26.8,25.4,2025-07-22 07:18:07,Wet,3.01,None
58,SENSOR_4,Farm B,54.02,22.8,75.4,2025-07-01 19:25:37,Wet,3.38,None
59,SENSOR_1,Farm C,8.0,30.7,36.7,2025-07-13 10:42:59,Critical Low,3.55,Irrigate
60,SENSOR_6,Farm A,8.0,36.6,26.5,2025-07-10 18:03:19,Critical Low,3.16,Irrigate
61,SENSOR_1,Farm B,63.44,26.0,61.4,2025-07-08 00:00:55,Critical High,3.66,Reduce Irrigation
62,SENSOR_2,Farm A,55.02,33.4,66.0,2025-07-14 13:33:08,Critical High,3.63,Reduce Irrigation
63,SENSOR_4,Farm B,61.14,31.5,68.8,2025-07-05 12:38:34,Wet,3.39,Reduce Irrigation
64,SENSOR_1,Farm C,8.0,22.8,40.4,2025-06-22 21:00:44,Dry,3.29,Irrigate
65,SENSOR_4,Farm C,21.26,24.9,67.3,2025-08-01 09:53:53,Dry,3.8,None
66,SENSOR_1,Farm B,56.52,24.4,74.7,2025-06-26 03:31:58,Critical High,3.48,Reduce Irrigation
67,SENSOR_6,Farm A,18.19,31.2,44.7,2025-06-17 15:40:09,Dry,3.5,Irrigate
68,SENSOR_7,Farm B,8.0,20.2,39.1,2025-06-08 21:38:37,Dry,3.34,Irrigate
69,SENSOR_8,Farm A,20.22,34.0,87.2,2025-06-11 15:16:19,Dry,3.52,Irrigate
70,SENSOR_5,Farm B,66.08,22.6,55.7,2025-06-05 22:42:02,Wet,3.53,Reduce Irrigation
71,SENSOR_4,Farm A,35.33,25.0,24.0,2025-07-03 14:23:06,Normal,3.4,None
72,SENSOR_9,Farm B,38.26,29.9,99.0,2025-07-31 07:01:59,Normal,3.19,None
73,SENSOR_1,Farm B,14.98,30.6,82.8,2025-06-02 10:59:05,Critical Low,3.62,Irrigate
74,SENSOR_1,Farm B,30.43,27.8,37.6,2025-06-25 09:42:27,Normal,3.38,None
75,SENSOR_1,Farm C,42.14,30.7,75.9,2025-07-12 21:37:31,Wet,3.54,None
76,SENSOR_1,Farm C,18.24,29.5,61.0,2025-07-18 22:37:31,Dry,3.42,Irrigate
77,SENSOR_5,Farm C,42.16,34.1,73.3,2025-06-11 15:57:44,Wet,3.65,None
78,SENSOR_7,Farm C,42.66,22.8,60.9,2025-06-29 23:51:40,Wet,3.01,None
79,SENSOR_9,Farm C,17.98,29.2,84.6,2025-06-19 06:36:39,Dry,3.69,None
80,SENSOR_9,Farm B,61.66,31.0,71.1,2025-08-04 10:57:05,Critical High,3.45,Reduce Irrigation
81,SENSOR_2,Farm B,11.25,26.1,50.6,2025-06-10 02:58:14,Critical Low,3.15,Irrigate
82,SENSOR_7,Farm A,8.0,30.2,99.0,2025-07-03 22:12:25,Dry,3.42,Irrigate
83,SENSOR_3,Farm C,36.57,31.3,42.6,2025-08-04 02:35:08,Normal,3.52,None
84,SENSOR_3,Farm B,55.89,31.5,76.4,2025-08-04 05:21:56,Critical High,3.28,Reduce Irrigation
85,SENSOR_6,Farm C,58.4,24.0,55.7,2025-06-06 10:09:44,Critical High,3.14,Reduce Irrigation
86,SENSOR_4,Farm C,30.27,20.2,71.8,2025-07-17 09:43:41,Normal,3.18,None
87,SENSOR_7,Farm B,16.35,25.4,78.7,2025-07-07 08:27:08,Dry,3.01,Irrigate
88,SENSOR_4,Farm A,12.8,24.5,39.7,2025-07-18 09:30:53,Dry,3.7,Irrigate
89,SENSOR_7,Farm B,29.83,22.9,91.3,2025-06-14 04:25:27,Normal,3.28,None
90,SENSOR_6,Farm C,29.23,31.5,50.2,2025-06-22 03:39:30,Normal,3.68,None
91,SENSOR_9,Farm C,38.36,25.6,99.0,2025-06-27 22:58:08,Normal,3.8,None
92,SENSOR_1,Farm A,53.54,36.6,93.4,2025-06-03 10:39:40,Wet,3.51,Reduce Irrigation
93,SENSOR_2,Farm B,52.21,23.6,76.2,2025-07-14 05:54:35,Wet,3.25,None
94,SENSOR_8,Farm A,8.0,30.2,38.1,2025-06-16 10:32:55,Critical Low,3.51,Irrigate
95,SENSOR_2,Farm A,19.58,27.6,69.0,2025-06-18 19:50:06,Dry,3.38,Irrigate
96,SENSOR_9,Farm A,57.87,31.7,40.3,2025-07-13 09:14:54,Critical High,3.22,Reduce Irrigation
97,SENSOR_9,Farm C,72.83,26.1,56.9,2025-07-24 15:50:02,Wet,3.34,Reduce Irrigation
98,SENSOR_8,Farm B,26.89,31.5,54.3,2025-07-30 12:01:29,Normal,3.56,None
99,SENSOR_8,Farm C,59.8,28.9,55.7,2025-06-05 23:13:18,Critical High,3.5,Reduce Irrigation
100,SENSOR_8,Farm A,84.12,29.5,73.1,2025-06-06 08:40:25,Critical High,3.62,Reduce Irrigation
101,SENSOR_8,Farm A,25.13,35.2,60.1,2025-07-03 16:24:19,Normal,3.32,None
102,SENSOR_9,Farm B,38.89,26.0,79.2,2025-06-02 17:25:50,Normal,3.37,None
103,SENSOR_7,Farm B,10.81,30.0,24.0,2025-06-27 16:12:19,Dry,3.66,Irrigate
104,SENSOR_5,Farm B,36.18,25.0,25.3,2025-06-11 02:16:25,Normal,3.39,None
105,SENSOR_4,Farm C,30.2,34.2,33.7,2025-06-11 03:39:16,Normal,3.06,None
106,SENSOR_2,Farm B,50.1,31.1,93.1,2025-07-28 13:05:35,Wet,3.69,Reduce Irrigation
107,SENSOR_3,Farm A,49.61,34.2,45.8,2025-06-18 21:52:45,Wet,3.71,None
108,SENSOR_9,Farm A,42.35,28.3,99.0,2025-07-17 02:02:15,Wet,3.39,None
109,SENSOR_7,Farm A,34.26,33.2,58.5,2025-06-06 20:22:01,Normal,3.57,None
110,SENSOR_1,Farm A,8.0,29.7,99.0,2025-07-23 13:50:01,Critical Low,3.8,Irrigate
111,SENSOR_6,Farm B,24.94,28.4,64.8,2025-07-23 06:28:04,Dry,3.22,Irrigate
112,SENSOR_6,Farm A,40.8,29.8,75.8,2025-06-22 09:51:32,Wet,3.36,None
113,SENSOR_8,Farm C,75.9,26.5,75.9,2025-08-04 20:06:23,Wet,3.52,Reduce Irrigation
114,SENSOR_1,Farm B,29.8,32.6,64.9,2025-07-20 16:25:14,Normal,3.19,None
115,SENSOR_2,Farm B,37.26,31.8,44.4,2025-07-15 06:07:53,Normal,3.4,None
116,SENSOR_2,Farm A,30.3,33.0,55.9,2025-06-14 20:21:49,Normal,3.19,None
117,SENSOR_8,Farm C,8.0,24.5,84.8,2025-07-17 12:30:25,Dry,3.3,Irrigate
118,SENSOR_2,Farm C,48.17,30.3,43.2,2025-07-22 03:23:51,Wet,3.8,None
119,SENSOR_9,Farm A,67.67,26.3,41.2,2025-06-05 19:24:37,Critical High,3.17,Reduce Irrigation
120,SENSOR_9,Farm C,46.59,28.7,43.1,2025-07-30 09:14:31,Wet,3.22,None
121,SENSOR_3,Farm B,79.12,28.4,94.2,2025-06-18 01:59:31,Critical High,3.75,Reduce Irrigation
122,SENSOR_1,Farm B,59.49,24.8,33.0,2025-07-26 08:45:17,Critical High,3.47,Reduce Irrigation
123,SENSOR_1,Farm A,12.27,29.1,49.6,2025-06-02 20:13:00,Critical Low,3.39,Irrigate
124,SENSOR_7,Farm A,36.44,26.0,50.1,2025-06-01 13:22:59,Normal,3.08,None
125,SENSOR_8,Farm C,17.84,28.7,67.0,2025-07-27 07:30:22,Dry,3.32,Irrigate
126,SENSOR_6,Farm C,32.23,24.6,66.5,2025-06-08 13:08:54,Normal,3.72,None
127,SENSOR_2,Farm A,61.38,34.1,64.7,2025-07-27 12:42:42,Critical High,3.62,Reduce Irrigation
128,SENSOR_4,Farm B,14.07,27.4,67.5,2025-07-15 08:13:18,Dry,3.43,Irrigate
129,SENSOR_8,Farm C,9.46,27.5,64.1,2025-06-19 22:33:18,Dry,3.08,Irrigate
130,SENSOR_1,Farm A,24.75,27.7,90.8,2025-07-07 20:52:38,Dry,3.47,Irrigate
131,SENSOR_5,Farm B,32.13,24.5,44.8,2025-06-09 02:36:13,Normal,3.25,None
132,SENSOR_4,Farm A,8.0,22.0,68.9,2025-07-25 13:10:00,Critical Low,3.67,Irrigate
133,SENSOR_2,Farm B,40.94,28.7,64.9,2025-07-02 19:07:46,Wet,3.79,Reduce Irrigation
134,SENSOR_5,Farm B,61.22,24.3,58.4,2025-07-02 10:52:31,Critical High,3.39,Reduce Irrigation
135,SENSOR_8,Farm C,21.46,29.7,42.5,2025-07-24 21:19:43,Dry,3.5,Irrigate
136,SENSOR_8,Farm C,19.96,33.5,89.1,2025-07-11 02:33:45,Dry,3.0,Irrigate
137,SENSOR_6,Farm C,24.19,28.5,55.3,2025-06-29 01:15:36,Dry,3.31,Irrigate
138,SENSOR_9,Farm C,25.11,30.0,24.0,2025-07-26 19:08:20,Normal,3.36,None
139,SENSOR_9,Farm B,59.18,24.3,50.8,2025-06-05 12:27:09,Critical High,3.61,Reduce Irrigation
140,SENSOR_8,Farm A,39.76,30.1,73.3,2025-07-16 03:58:04,Normal,3.52,None
141,SENSOR_5,Farm C,16.81,28.6,80.7,2025-06-12 15:31:05,Dry,3.12,Irrigate
142,SENSOR_2,Farm B,15.12,30.6,58.5,2025-06-30 09:27:05,Dry,3.65,Irrigate
143,SENSOR_5,Farm C,15.74,30.8,60.9,2025-06-11 11:29:57,Dry,3.51,None
144,SENSOR_9,Farm C,34.86,33.2,46.6,2025-07-09 06:58:45,Normal,3.56,None
145,SENSOR_2,Farm B,35.41,30.8,65.0,2025-07-22 20:08:06,Normal,3.43,None
146,SENSOR_7,Farm A,61.04,35.0,43.7,2025-06-21 23:51:37,Wet,3.55,Reduce Irrigation
147,SENSOR_6,Farm B,49.38,25.5,53.1,2025-07-28 02:05:14,Wet,3.55,Reduce Irrigation
148,SENSOR_7,Farm A,46.54,34.3,66.4,2025-06-23 01:30:04,Wet,3.5,Reduce Irrigation
149,SENSOR_4,Farm B,9.22,31.3,66.5,2025-06-13 12:05:08,Critical Low,3.16,Irrigate
150,SENSOR_8,Farm A,22.68,29.8,53.3,2025-07-06 09:07:15,Dry,3.23,Irrigate
151,SENSOR_8,Farm A,8.0,31.8,73.5,2025-06-02 04:22:32,Critical Low,3.8,Irrigate
152,SENSOR_6,Farm B,26.34,32.1,44.4,2025-06-08 00:33:36,Normal,3.8,None
153,SENSOR_3,Farm C,63.7,27.7,60.2,2025-06-01 22:12:04,Critical High,3.66,Reduce Irrigation
154,SENSOR_6,Farm C,39.9,26.8,24.0,2025-06-25 16:38:17,Normal,3.55,None
155,SENSOR_7,Farm B,31.1,31.4,73.1,2025-06-19 20:10:15,Normal,3.32,None
156,SENSOR_1,Farm C,38.59,26.5,70.3,2025-07-30 08:08:03,Normal,3.62,None
157,SENSOR_6,Farm B,27.6,28.3,38.2,2025-07-01 21:17:22,Normal,3.65,None
158,SENSOR_6,Farm B,33.46,32.0,79.9,2025-06-15 03:32:45,Normal,3.07,None
159,SENSOR_4,Farm A,44.82,29.9,90.8,2025-07-27 13:19:50,Wet,3.46,None
160,SENSOR_6,Farm B,23.22,29.5,83.1,2025-07-13 01:35:32,Dry,3.47,Irrigate
161,SENSOR_9,Farm C,8.0,29.2,64.0,2025-06-26 08:49:42,Critical Low,3.4,Irrigate
162,SENSOR_1,Farm A,23.85,28.8,74.9,2025-06-24 16:17:28,Dry,3.28,Irrigate
163,SENSOR_8,Farm C,11.66,25.4,52.0,2025-07-01 07:46:21,Critical Low,3.6,Irrigate
164,SENSOR_8,Farm C,35.21,29.4,53.1,2025-07-25 19:06:02,Normal,3.33,None
165,SENSOR_9,Farm B,21.18,29.8,53.0,2025-07-25 19:21:23,Dry,3.34,Irrigate
166,SENSOR_2,Farm C,14.73,30.5,86.3,2025-07-09 19:01:23,Critical Low,3.2,Irrigate
167,SENSOR_2,Farm A,16.64,24.5,66.0,2025-07-31 22:33:20,Dry,3.2,Irrigate
168,SENSOR_4,Farm B,70.06,32.3,63.0,2025-06-08 16:21:54,Critical High,3.51,Reduce Irrigation
169,SENSOR_5,Farm A,27.16,27.9,77.5,2025-07-23 05:30:19,Normal,3.15,None
170,SENSOR_7,Farm C,43.13,27.6,67.4,2025-07-02 18:03:54,Wet,3.52,None
171,SENSOR_5,Farm C,37.35,27.2,77.6,2025-06-25 17:31:10,Normal,3.75,None
172,SENSOR_1,Farm A,13.64,30.0,57.1,2025-06-01 18:25:51,Critical Low,3.25,Irrigate
173,SENSOR_7,Farm B,55.18,34.4,42.7,2025-07-20 07:36:07,Wet,3.2,Reduce Irrigation
174,SENSOR_9,Farm B,62.89,20.2,53.1,2025-06-28 08:37:55,Critical High,3.18,Reduce Irrigation
175,SENSOR_2,Farm A,34.52,31.3,68.2,2025-06-02 19:41:43,Normal,3.51,None
176,SENSOR_5,Farm C,23.23,28.7,91.7,2025-06-13 14:40:46,Dry,3.8,Irrigate
177,SENSOR_2,Farm B,43.25,30.2,39.6,2025-08-01 18:20:42,Wet,3.3,None
178,SENSOR_7,Farm C,39.79,26.5,35.9,2025-06-29 17:48:38,Normal,3.47,None
179,SENSOR_6,Farm C,56.46,30.0,39.5,2025-06-30 13:56:18,Critical High,3.21,Reduce Irrigation
180,SENSOR_2,Farm C,37.26,33.4,44.6,2025-07-07 23:26:54,Normal,3.49,None
181,SENSOR_2,Farm A,70.1,25.0,56.4,2025-07-14 02:43:12,Wet,3.66,Reduce Irrigation
182,SENSOR_1,Farm A,37.04,33.4,63.4,2025-07-26 04:39:56,Normal,3.41,None
183,SENSOR_9,Farm C,33.96,29.4,52.0,2025-06-08 18:34:17,Normal,3.48,None
184,SENSOR_7,Farm C,9.38,30.5,24.0,2025-07-19 02:57:00,Dry,3.31,Irrigate
185,SENSOR_2,Farm C,22.38,31.2,99.0,2025-07-06 22:24:55,Dry,3.58,Irrigate
186,SENSOR_1,Farm C,35.6,32.7,67.2,2025-06-26 03:17:30,Normal,3.5,None
187,SENSOR_2,Farm C,9.4,31.7,54.6,2025-06-19 00:45:31,Critical Low,3.49,Irrigate
188,SENSOR_3,Farm A,59.99,31.3,53.5,2025-06-09 16:31:23,Wet,3.54,Reduce Irrigation
189,SENSOR_4,Farm A,66.21,22.8,42.1,2025-07-14 20:59:07,Critical High,3.74,Reduce Irrigation
190,SENSOR_2,Farm C,68.13,28.0,53.3,2025-06-29 19:07:59,Critical High,3.59,Reduce Irrigation
191,SENSOR_8,Farm B,30.97,27.9,83.6,2025-07-13 04:50:05,Normal,3.28,None
192,SENSOR_5,Farm A,8.0,32.4,53.7,2025-07-29 18:23:18,Dry,3.4,Irrigate
193,SENSOR_8,Farm C,20.0,30.4,51.5,2025-06-19 21:46:51,Dry,3.39,Irrigate
194,SENSOR_2,Farm B,38.28,26.1,45.2,2025-07-04 07:58:20,Normal,3.64,None
195,SENSOR_9,Farm A,22.68,30.5,69.9,2025-07-28 02:06:18,Dry,3.42,Irrigate
196,SENSOR_9,Farm B,45.84,30.4,40.1,2025-08-01 16:47:39,Wet,3.35,None
197,SENSOR_6,Farm A,38.0,31.0,57.0,2025-06-30 00:18:58,Normal,3.6,None
198,SENSOR_5,Farm C,58.6,30.8,53.6,2025-06-03 14:44:32,Critical High,3.46,Reduce Irrigation
199,SENSOR_8,Farm B,41.2,27.1,56.6,2025-07-23 01:03:04,Wet,3.23,None
200,SENSOR_4,Farm A,34.88,36.8,55.3,2025-07-01 13:53:54,Normal,3.48,None
201,SENSOR_1,Farm C,44.23,26.6,60.9,2025-08-01 16:41:54,Wet,3.44,None
202,SENSOR_4,Farm C,10.09,28.8,90.1,2025-07-28 18:22:29,Dry,3.2,Irrigate
203,SENSOR_2,Farm B,34.0,24.7,24.0,2025-08-03 01:13:17,Normal,3.33,None
204,SENSOR_4,Farm C,55.29,25.7,82.3,2025-06-02 17:04:49,Wet,3.43,Reduce Irrigation
205,SENSOR_5,Farm A,65.14,20.2,57.0,2025-07-15 08:44:54,Wet,3.25,Reduce Irrigation
206,SENSOR_6,Farm A,20.81,32.6,42.1,2025-06-16 09:43:31,Dry,3.62,Irrigate
207,SENSOR_4,Farm B,25.36,27.0,63.3,2025-08-01 03:26:38,Normal,3.26,None
208,SENSOR_3,Farm C,45.84,31.0,58.1,2025-07-15 04:13:03,Wet,3.35,None
209,SENSOR_1,Farm C,36.42,34.7,66.3,2025-06-25 11:14:04,Normal,3.15,None
210,SENSOR_7,Farm A,71.36,27.9,42.2,2025-06-11 19:17:33,Critical High,3.6,Reduce Irrigation
211,SENSOR_3,Farm C,63.3,21.0,62.5,2025-07-30 15:42:50,Wet,3.3,Reduce Irrigation
212,SENSOR_5,Farm B,36.47,34.1,49.2,2025-06-21 14:58:13,Normal,3.41,None
213,SENSOR_4,Farm C,65.04,27.2,43.7,2025-06-10 20:39:30,Wet,3.4,Reduce Irrigation
214,SENSOR_9,Farm B,79.86,33.5,67.0,2025-07-09 22:47:56,Critical High,3.77,Reduce Irrigation
215,SENSOR_3,Farm C,31.04,33.0,29.6,2025-07-14 11:00:56,Normal,3.2,None
216,SENSOR_2,Farm C,34.95,32.0,60.2,2025-07-28 13:49:09,Normal,3.34,None
217,SENSOR_5,Farm A,30.69,29.8,65.5,2025-07-12 12:29:24,Normal,3.58,None
218,SENSOR_7,Farm A,11.26,31.9,80.6,2025-06-19 14:26:28,Dry,3.22,Irrigate
219,SENSOR_2,Farm C,61.79,26.9,49.1,2025-07-12 00:01:46,Wet,3.4,Reduce Irrigation
220,SENSOR_3,Farm B,14.87,30.7,56.9,2025-08-01 01:47:19,Critical Low,3.39,Irrigate
221,SENSOR_7,Farm A,62.42,29.6,40.0,2025-07-11 15:28:22,Wet,3.23,Reduce Irrigation
222,SENSOR_2,Farm A,24.01,27.4,56.2,2025-06-24 10:24:39,Dry,3.11,Irrigate
223,SENSOR_8,Farm C,10.9,23.7,34.4,2025-06-04 16:37:06,Critical Low,3.73,Irrigate
224,SENSOR_8,Farm C,62.64,25.2,59.6,2025-07-24 15:37:30,Critical High,3.54,Reduce Irrigation
225,SENSOR_1,Farm C,64.67,27.1,95.5,2025-06-04 02:08:30,Critical High,3.22,Reduce Irrigation
226,SENSOR_9,Farm B,52.92,28.9,25.8,2025-06-01 01:56:23,Wet,3.64,None
227,SENSOR_1,Farm C,12.88,36.8,67.2,2025-06-08 19:30:48,Critical Low,3.65,Irrigate
228,SENSOR_5,Farm C,54.21,21.5,44.6,2025-07-19 11:35:53,Wet,3.3,None
229,SENSOR_7,Farm C,63.56,32.6,79.0,2025-07-02 09:41:38,Critical High,3.46,Reduce Irrigation
230,SENSOR_9,Farm B,13.56,31.4,31.9,2025-07-15 23:26:06,Critical Low,3.34,Irrigate
231,SENSOR_4,Farm A,59.25,33.4,68.5,2025-07-08 12:03:45,Critical High,3.36,Reduce Irrigation
232,SENSOR_2,Farm B,37.19,24.3,45.4,2025-07-01 01:36:20,Normal,3.58,None
233,SENSOR_7,Farm B,45.46,23.1,69.9,2025-07-27 01:07:45,Wet,3.51,None
234,SENSOR_7,Farm A,42.13,29.0,52.5,2025-07-10 01:50:53,Wet,3.64,None
235,SENSOR_2,Farm C,16.05,25.8,52.9,2025-07-23 13:46:18,Dry,3.27,None
236,SENSOR_5,Farm C,36.34,26.4,65.5,2025-07-02 21:09:24,Normal,3.3,None
237,SENSOR_9,Farm B,22.62,27.6,55.4,2025-07-08 05:37:40,Dry,3.18,Irrigate
238,SENSOR_8,Farm B,27.26,21.4,74.8,2025-06-26 01:55:25,Normal,3.31,None
239,SENSOR_4,Farm C,71.91,28.0,56.4,2025-06-03 20:19:53,Wet,3.55,Reduce Irrigation
240,SENSOR_7,Farm A,43.45,25.3,96.7,2025-06-18 02:46:42,Wet,3.06,Reduce Irrigation
241,SENSOR_4,Farm A,71.18,23.7,72.6,2025-08-02 07:59:43,Critical High,3.43,Reduce Irrigation
242,SENSOR_4,Farm B,77.78,23.9,66.5,2025-07-29 13:45:33,Critical High,3.22,Reduce Irrigation
243,SENSOR_3,Farm B,14.71,24.4,58.7,2025-06-24 15:13:12,Critical Low,3.67,Irrigate
244,SENSOR_5,Farm C,42.0,34.9,79.8,2025-07-23 00:22:42,Wet,3.58,None
245,SENSOR_2,Farm A,40.6,29.7,31.7,2025-06-27 14:50:58,Wet,3.15,Reduce Irrigation
246,SENSOR_7,Farm C,36.09,29.7,59.3,2025-08-04 22:50:01,Normal,3.3,None
247,SENSOR_6,Farm B,35.15,35.1,65.5,2025-07-03 19:40:01,Normal,3.4,None
248,SENSOR_2,Farm B,56.26,20.2,98.3,2025-06-26 11:02:02,Critical High,3.51,Reduce Irrigation
249,SENSOR_4,Farm A,36.29,30.5,59.3,2025-07-30 08:17:15,Normal,3.56,None
250,SENSOR_8,Farm C,14.61,33.2,64.3,2025-07-17 04:03:53,Critical Low,3.0,Irrigate
251,SENSOR_7,Farm B,63.89,30.4,78.4,2025-07-08 03:50:48,Wet,3.72,Reduce Irrigation
252,SENSOR_1,Farm B,57.43,23.5,54.8,2025-06-16 04:07:22,Wet,3.29,Reduce Irrigation
253,SENSOR_3,Farm C,58.45,23.6,67.4,2025-06-15 02:43:38,Wet,3.44,Reduce Irrigation
254,SENSOR_2,Farm C,38.79,31.4,71.8,2025-07-28 00:26:38,Normal,3.61,None
255,SENSOR_3,Farm B,22.56,23.4,37.1,2025-07-18 19:19:45,Dry,3.41,Irrigate
256,SENSOR_7,Farm B,42.02,34.2,36.7,2025-06-12 00:33:49,Wet,3.5,None
257,SENSOR_2,Farm C,45.63,31.8,42.2,2025-06-13 19:10:01,Wet,3.75,Reduce Irrigation
258,SENSOR_4,Farm B,49.63,22.5,80.0,2025-06-13 08:15:17,Wet,3.4,None
259,SENSOR_2,Farm C,44.93,32.9,89.9,2025-06-27 23:50:48,Wet,3.48,None
260,SENSOR_9,Farm C,21.81,24.8,71.8,2025-07-04 06:14:00,Dry,3.38,Irrigate
261,SENSOR_5,Farm A,8.0,24.6,71.7,2025-06-26 07:20:18,Critical Low,3.08,Irrigate
262,SENSOR_2,Farm A,34.73,22.4,68.0,2025-06-09 07:41:36,Normal,3.29,None
263,SENSOR_6,Farm C,57.03,29.1,37.1,2025-07-11 05:35:10,Critical High,3.54,Reduce Irrigation
264,SENSOR_5,Farm C,41.27,29.0,57.6,2025-07-21 08:32:01,Wet,3.63,None
265,SENSOR_3,Farm C,44.03,28.2,66.1,2025-06-04 21:43:47,Wet,3.24,None
266,SENSOR_9,Farm A,17.03,27.6,58.1,2025-07-26 13:32:07,Dry,3.56,Irrigate
267,SENSOR_9,Farm A,8.0,29.0,61.1,2025-06-26 01:54:21,Critical Low,3.31,Irrigate
268,SENSOR_9,Farm A,31.91,27.0,95.6,2025-08-04 17:00:40,Normal,3.33,None
269,SENSOR_5,Farm A,20.13,21.8,67.8,2025-06-14 03:08:01,Dry,3.8,Irrigate
270,SENSOR_4,Farm C,43.93,23.1,45.7,2025-07-17 22:08:59,Wet,3.44,None
271,SENSOR_3,Farm B,41.32,27.2,62.4,2025-07-21 23:13:16,Wet,3.26,Reduce Irrigation
272,SENSOR_5,Farm B,49.74,20.4,66.3,2025-07-09 13:48:42,Wet,3.64,Reduce Irrigation
273,SENSOR_9,Farm A,33.56,31.9,62.3,2025-08-02 15:08:08,Normal,3.46,None
274,SENSOR_7,Farm A,23.33,26.5,81.4,2025-07-16 23:04:46,Dry,3.44,Irrigate
275,SENSOR_3,Farm A,8.89,23.1,78.1,2025-07-11 17:36:00,Critical Low,3.13,Irrigate
276,SENSOR_3,Farm B,51.06,27.3,65.1,2025-06-16 15:12:43,Wet,3.26,None
277,SENSOR_4,Farm C,21.07,21.5,62.9,2025-07-01 22:39:16,Dry,3.0,Irrigate
278,SENSOR_1,Farm C,42.93,24.7,24.0,2025-06-12 00:17:56,Wet,3.71,None
279,SENSOR_3,Farm B,23.33,20.2,33.3,2025-07-29 20:52:53,Dry,3.19,Irrigate
280,SENSOR_6,Farm B,60.31,27.4,52.5,2025-06-16 03:37:29,Wet,3.36,Reduce Irrigation
281,SENSOR_6,Farm C,30.31,28.3,41.3,2025-06-24 17:47:22,Normal,3.43,None
282,SENSOR_6,Farm B,43.59,25.0,78.4,2025-07-31 12:04:46,Wet,3.07,None
283,SENSOR_1,Farm B,40.48,27.4,79.6,2025-06-19 06:18:12,Wet,3.29,Reduce Irrigation
284,SENSOR_3,Farm A,48.1,30.5,67.8,2025-06-15 04:22:09,Wet,3.4,None
285,SENSOR_5,Farm A,42.45,32.7,67.1,2025-06-09 05:35:58,Wet,3.71,Reduce Irrigation
286,SENSOR_6,Farm B,24.61,30.4,77.9,2025-07-04 12:15:59,Dry,3.04,Irrigate
287,SENSOR_5,Farm A,14.28,26.9,98.0,2025-06-30 13:49:44,Dry,3.61,Irrigate
288,SENSOR_3,Farm B,33.32,32.3,49.8,2025-07-10 10:20:02,Normal,3.54,None
289,SENSOR_6,Farm B,62.15,25.7,72.0,2025-07-01 04:49:26,Critical High,3.36,Reduce Irrigation
290,SENSOR_3,Farm B,27.25,33.9,68.1,2025-06-21 13:26:40,Normal,3.59,None
291,SENSOR_3,Farm C,32.25,28.3,61.5,2025-07-05 00:57:36,Normal,3.36,None
292,SENSOR_5,Farm C,41.9,28.3,63.4,2025-06-07 20:44:40,Wet,3.25,None
293,SENSOR_7,Farm B,30.94,27.0,48.5,2025-06-11 11:08:57,Normal,3.57,None
294,SENSOR_8,Farm B,51.89,35.0,81.2,2025-07-15 15:55:06,Wet,3.49,None
295,SENSOR_7,Farm C,55.71,29.4,69.9,2025-07-19 05:58:46,Critical High,3.66,Reduce Irrigation
296,SENSOR_6,Farm C,15.18,29.9,58.2,2025-06-21 15:06:36,Dry,3.47,Irrigate
297,SENSOR_2,Farm C,8.0,34.4,65.4,2025-07-12 07:23:02,Dry,3.14,Irrigate
298,SENSOR_4,Farm A,39.83,26.0,66.6,2025-07-14 09:01:00,Normal,3.21,None
299,SENSOR_2,Farm A,42.32,23.2,86.2,2025-06-07 10:42:37,Wet,3.29,Reduce Irrigation
300,SENSOR_7,Farm A,8.0,32.3,59.9,2025-07-03 17:21:09,Critical Low,3.48,Irrigate
301,SENSOR_8,Farm B,10.48,28.2,43.2,2025-07-25 08:08:31,Critical Low,3.49,Irrigate
302,SENSOR_5,Farm A,44.51,28.0,66.1,2025-06-27 16:18:50,Wet,3.26,None
303,SENSOR_8,Farm A,62.79,21.7,79.6,2025-06-28 06:43:37,Critical High,3.56,Reduce Irrigation
304,SENSOR_4,Farm C,53.92,29.1,55.1,2025-06-11 11:04:40,Wet,3.41,None
305,SENSOR_9,Farm C,37.57,30.7,89.7,2025-06-04 08:27:42,Normal,3.68,None
306,SENSOR_8,Farm C,23.74,26.2,37.7,2025-06-23 12:48:47,Dry,3.42,Irrigate
307,SENSOR_1,Farm C,25.25,26.3,52.1,2025-08-04 21:01:26,Normal,3.72,None
308,SENSOR_3,Farm C,45.2,24.9,53.1,2025-06-03 10:46:01,Wet,3.49,Reduce Irrigation
309,SENSOR_9,Farm A,8.0,30.1,54.6,2025-07-27 09:33:54,Dry,3.22,Irrigate
310,SENSOR_7,Farm A,32.88,29.8,78.2,2025-06-16 05:34:38,Normal,3.58,None
311,SENSOR_3,Farm A,83.43,26.9,94.1,2025-06-15 14:05:59,Critical High,3.0,Reduce Irrigation
312,SENSOR_9,Farm C,42.35,30.7,99.0,2025-06-17 21:44:31,Wet,3.52,None
313,SENSOR_6,Farm A,18.93,29.8,69.7,2025-06-15 01:26:04,Dry,3.51,Irrigate
314,SENSOR_9,Farm C,28.44,32.9,58.9,2025-06-16 03:17:28,Normal,3.08,None
315,SENSOR_2,Farm B,27.79,34.6,74.2,2025-06-22 23:17:36,Normal,3.62,None
316,SENSOR_9,Farm A,48.14,27.6,77.7,2025-07-20 10:20:15,Wet,3.2,Reduce Irrigation
317,SENSOR_6,Farm A,21.53,24.8,65.6,2025-07-19 06:24:57,Dry,3.72,Irrigate
318,SENSOR_1,Farm C,49.1,30.6,72.7,2025-06-21 20:20:10,Wet,3.4,Reduce Irrigation
319,SENSOR_5,Farm C,66.66,30.6,71.4,2025-07-02 19:32:32,Critical High,3.28,Reduce Irrigation
320,SENSOR_3,Farm A,8.0,28.7,32.5,2025-07-13 21:16:12,Critical Low,3.15,Irrigate
321,SENSOR_1,Farm A,60.59,23.2,99.0,2025-06-17 03:43:18,Wet,3.46,Reduce Irrigation
322,SENSOR_6,Farm B,28.44,30.9,99.0,2025-07-16 04:40:27,Normal,3.32,None
323,SENSOR_1,Farm C,43.07,24.7,93.9,2025-07-12 23:59:17,Wet,3.39,None
324,SENSOR_4,Farm A,31.13,26.7,60.1,2025-06-17 06:10:04,Normal,3.35,None
325,SENSOR_3,Farm C,20.18,29.1,58.2,2025-07-26 02:47:23,Dry,3.61,Irrigate
326,SENSOR_1,Farm C,21.78,27.9,54.1,2025-07-10 18:50:59,Dry,3.38,Irrigate
327,SENSOR_6,Farm B,23.75,25.0,67.8,2025-07-13 22:41:10,Dry,3.32,Irrigate
328,SENSOR_2,Farm A,48.65,29.7,74.4,2025-06-07 17:14:22,Wet,3.44,None
329,SENSOR_7,Farm B,16.54,23.9,59.2,2025-07-05 09:12:05,Dry,3.8,Irrigate
330,SENSOR_1,Farm B,40.62,27.5,83.3,2025-06-06 21:34:10,Wet,3.44,None
331,SENSOR_1,Farm B,51.29,27.8,54.2,2025-06-02 17:00:49,Wet,3.42,None
332,SENSOR_4,Farm A,33.52,28.3,72.4,2025-06-20 02:30:51,Normal,3.5,None
333,SENSOR_2,Farm A,14.72,26.7,92.9,2025-07-31 11:28:22,Dry,3.31,Irrigate
334,SENSOR_8,Farm A,41.26,29.7,95.1,2025-07-24 21:20:52,Wet,3.35,Reduce Irrigation
335,SENSOR_7,Farm A,8.0,31.3,24.0,2025-06-03 06:34:20,Critical Low,3.1,Irrigate
336,SENSOR_3,Farm A,8.0,28.3,24.0,2025-07-05 08:51:43,Critical Low,3.56,Irrigate
337,SENSOR_9,Farm B,8.0,31.0,67.9,2025-07-11 12:10:16,Critical Low,3.6,Irrigate
338,SENSOR_4,Farm C,19.71,29.6,93.0,2025-06-08 17:42:34,Dry,3.25,None
339,SENSOR_3,Farm C,12.17,28.1,77.1,2025-06-13 20:58:49,Dry,3.0,Irrigate
340,SENSOR_3,Farm A,19.99,24.3,55.0,2025-06-26 01:24:44,Dry,3.4,Irrigate
341,SENSOR_6,Farm C,54.85,29.0,76.5,2025-07-16 00:20:12,Wet,3.29,None
342,SENSOR_3,Farm B,36.22,25.0,72.2,2025-06-10 18:09:01,Normal,3.51,None
343,SENSOR_2,Farm A,47.61,29.4,47.8,2025-07-19 10:59:40,Wet,3.55,Reduce Irrigation
344,SENSOR_7,Farm A,43.36,31.6,72.0,2025-07-04 19:25:11,Wet,3.62,None
345,SENSOR_2,Farm B,30.32,24.7,39.4,2025-06-30 20:13:01,Normal,3.31,None
346,SENSOR_7,Farm C,22.27,22.5,74.9,2025-07-01 14:48:24,Dry,3.7,Irrigate
347,SENSOR_9,Farm C,31.74,29.7,96.9,2025-07-17 09:58:34,Normal,3.33,None
348,SENSOR_4,Farm C,19.33,31.5,47.3,2025-07-31 22:56:02,Dry,3.4,Irrigate
349,SENSOR_5,Farm C,27.6,25.7,60.9,2025-06-08 19:09:58,Normal,3.27,None
350,SENSOR_7,Farm C,49.91,27.6,68.5,2025-07-06 09:02:24,Wet,3.51,None
351,SENSOR_8,Farm C,15.83,28.4,85.5,2025-06-06 23:29:32,Dry,3.0,Irrigate
352,SENSOR_1,Farm B,8.0,25.1,65.6,2025-07-02 05:04:58,Critical Low,3.39,Irrigate
353,SENSOR_3,Farm B,46.73,26.7,58.3,2025-07-29 04:56:46,Wet,3.56,None
354,SENSOR_3,Farm C,26.42,28.6,93.8,2025-08-02 06:05:45,Normal,3.41,None
355,SENSOR_3,Farm A,33.19,30.8,61.2,2025-06-19 23:08:53,Normal,3.31,None
356,SENSOR_6,Farm B,8.0,33.4,44.7,2025-06-30 04:02:52,Dry,3.67,Irrigate
357,SENSOR_1,Farm B,35.35,30.2,29.2,2025-06-04 11:05:01,Normal,3.37,None
358,SENSOR_7,Farm B,37.69,27.9,88.2,2025-07-17 09:49:07,Normal,3.21,None
359,SENSOR_6,Farm B,40.8,28.1,58.4,2025-07-06 04:34:06,Wet,3.27,None
360,SENSOR_2,Farm C,39.18,30.1,93.2,2025-07-13 02:01:44,Normal,3.19,None
361,SENSOR_8,Farm C,32.17,26.3,75.5,2025-08-04 23:30:13,Normal,3.34,None
362,SENSOR_2,Farm B,13.73,28.9,81.8,2025-06-28 04:26:52,Critical Low,3.52,Irrigate
363,SENSOR_3,Farm C,52.09,24.0,61.5,2025-07-24 12:00:00,Wet,3.42,None
364,SENSOR_3,Farm C,8.0,25.8,43.9,2025-06-25 10:55:07,Critical Low,3.0,Irrigate
365,SENSOR_6,Farm C,44.97,35.7,63.9,2025-07-26 08:19:23,Wet,3.65,None
366,SENSOR_3,Farm B,25.06,32.5,99.0,2025-06-11 06:45:14,Normal,3.63,None
367,SENSOR_5,Farm A,26.86,32.8,69.5,2025-06-24 22:34:15,Normal,3.65,Irrigate
368,SENSOR_7,Farm B,10.77,33.7,56.5,2025-07-10 22:34:03,Dry,3.09,Irrigate
369,SENSOR_5,Farm A,19.29,25.8,94.0,2025-07-29 10:51:06,Dry,3.54,Irrigate
370,SENSOR_8,Farm B,65.88,37.1,76.2,2025-07-13 10:22:07,Wet,3.48,Reduce Irrigation
371,SENSOR_7,Farm B,48.13,30.1,65.2,2025-07-30 00:54:04,Wet,3.37,None
372,SENSOR_1,Farm B,8.0,22.6,53.3,2025-07-23 16:50:44,Dry,3.69,Irrigate
373,SENSOR_1,Farm B,26.1,30.1,62.9,2025-06-26 15:46:34,Normal,3.56,Irrigate
374,SENSOR_6,Farm B,8.0,29.2,60.1,2025-07-30 01:45:06,Critical Low,3.39,Irrigate
375,SENSOR_3,Farm A,54.88,29.6,64.8,2025-06-25 17:58:20,Wet,3.35,None
376,SENSOR_6,Farm A,28.15,22.4,47.6,2025-06-28 19:32:18,Normal,3.11,None
377,SENSOR_6,Farm B,30.57,29.3,24.9,2025-06-01 21:51:17,Normal,3.0,None
378,SENSOR_6,Farm C,49.05,31.1,91.4,2025-07-24 01:10:03,Wet,3.35,None
379,SENSOR_4,Farm B,70.58,31.9,60.0,2025-06-19 12:20:21,Critical High,3.8,Reduce Irrigation
380,SENSOR_1,Farm A,32.68,23.8,66.2,2025-06-08 16:23:49,Normal,3.53,None
381,SENSOR_4,Farm C,8.0,31.2,27.1,2025-06-23 11:26:02,Critical Low,3.59,Irrigate
382,SENSOR_2,Farm C,23.17,29.1,72.3,2025-07-21 11:27:27,Dry,3.57,Irrigate
383,SENSOR_7,Farm C,42.39,27.2,56.1,2025-07-19 17:37:10,Wet,3.57,Reduce Irrigation
384,SENSOR_8,Farm A,41.92,28.4,36.4,2025-06-06 23:47:03,Wet,3.25,None
385,SENSOR_9,Farm B,60.49,35.5,81.9,2025-07-28 03:57:12,Wet,3.57,Reduce Irrigation
386,SENSOR_4,Farm B,51.81,27.9,30.0,2025-07-03 20:02:26,Wet,3.21,None
387,SENSOR_5,Farm A,40.26,28.4,49.8,2025-07-11 23:03:02,Wet,3.1,Reduce Irrigation
388,SENSOR_2,Farm B,37.95,22.8,38.9,2025-07-11 05:37:26,Normal,3.33,None
389,SENSOR_6,Farm B,30.41,27.1,66.2,2025-06-01 21:53:53,Normal,3.44,None
390,SENSOR_2,Farm A,19.7,30.5,77.3,2025-07-24 12:28:42,Dry,3.42,Irrigate
391,SENSOR_5,Farm A,8.0,20.9,72.4,2025-06-30 00:52:16,Dry,3.0,Irrigate
392,SENSOR_4,Farm C,31.75,29.1,25.0,2025-07-30 22:21:18,Normal,3.25,None
393,SENSOR_9,Farm C,50.52,23.4,37.7,2025-07-31 16:43:38,Wet,3.31,None
394,SENSOR_3,Farm A,71.95,33.8,73.4,2025-06-18 08:19:42,Critical High,3.3,Reduce Irrigation
395,SENSOR_8,Farm C,28.9,27.0,61.7,2025-06-02 19:54:50,Normal,3.47,None
396,SENSOR_3,Farm B,19.03,33.0,89.2,2025-07-16 00:39:25,Dry,3.27,Irrigate
397,SENSOR_5,Farm B,13.92,22.3,40.4,2025-06-29 06:58:08,Dry,3.68,Irrigate
398,SENSOR_5,Farm A,50.89,28.9,52.1,2025-07-09 16:31:46,Wet,3.27,None
399,SENSOR_9,Farm B,24.75,21.7,73.9,2025-07-06 21:46:18,Dry,3.2,Irrigate
400,SENSOR_5,Farm A,45.44,28.3,59.4,2025-07-20 10:03:46,Wet,3.51,None
401,SENSOR_8,Farm C,20.42,29.1,59.6,2025-07-10 18:38:36,Dry,3.0,None
402,SENSOR_2,Farm C,65.44,31.9,85.0,2025-06-27 01:17:41,Wet,3.04,Reduce Irrigation
403,SENSOR_6,Farm A,31.46,20.2,42.9,2025-06-14 18:26:30,Normal,3.26,None
404,SENSOR_5,Farm B,56.18,30.7,67.6,2025-07-13 03:04:27,Critical High,3.33,Reduce Irrigation
405,SENSOR_4,Farm C,8.0,32.2,61.4,2025-07-26 04:17:40,Critical Low,3.15,Irrigate
406,SENSOR_6,Farm B,29.53,28.1,68.9,2025-07-01 04:52:52,Normal,3.63,None
407,SENSOR_8,Farm C,80.47,26.5,38.1,2025-07-23 12:17:14,Critical High,3.4,Reduce Irrigation
408,SENSOR_4,Farm C,8.0,26.6,57.4,2025-07-17 12:42:41,Dry,3.57,Irrigate
409,SENSOR_1,Farm C,26.03,29.1,40.4,2025-07-07 20:17:32,Normal,3.6,None
410,SENSOR_5,Farm C,36.73,32.3,62.9,2025-07-24 17:13:27,Normal,3.8,None
411,SENSOR_6,Farm B,54.33,36.4,48.5,2025-07-26 09:16:57,Wet,3.56,None
412,SENSOR_3,Farm A,48.28,25.0,87.7,2025-07-07 05:03:17,Wet,3.55,Reduce Irrigation
413,SENSOR_2,Farm A,27.59,31.4,79.1,2025-06-29 12:07:12,Normal,3.27,None
414,SENSOR_3,Farm B,36.51,26.0,51.0,2025-06-22 16:37:33,Normal,3.48,None
415,SENSOR_1,Farm B,46.84,25.3,64.0,2025-06-21 16:25:43,Wet,3.36,None
416,SENSOR_2,Farm A,17.82,32.8,87.6,2025-06-23 14:56:49,Dry,3.35,Irrigate
417,SENSOR_5,Farm A,37.67,33.2,64.5,2025-06-17 10:35:02,Normal,3.0,None
418,SENSOR_2,Farm B,54.83,33.3,33.0,2025-06-08 08:34:49,Wet,3.45,None
419,SENSOR_7,Farm B,52.08,24.9,67.4,2025-07-11 01:31:55,Wet,3.25,None
420,SENSOR_6,Farm C,25.39,26.9,88.7,2025-07-18 23:35:48,Normal,3.33,None
421,SENSOR_1,Farm C,28.76,35.3,78.7,2025-08-03 04:23:28,Normal,3.19,Irrigate
422,SENSOR_8,Farm B,28.2,30.4,66.9,2025-07-28 06:49:31,Normal,3.42,None
423,SENSOR_6,Farm B,43.48,30.7,58.7,2025-06-11 05:08:41,Wet,3.2,None
424,SENSOR_2,Farm C,56.73,27.0,47.7,2025-07-27 01:43:46,Wet,3.58,Reduce Irrigation
425,SENSOR_9,Farm B,14.82,22.4,71.1,2025-07-17 00:19:33,Critical Low,3.36,Irrigate
426,SENSOR_4,Farm A,8.0,23.2,70.8,2025-06-27 08:32:02,Dry,3.3,Irrigate
427,SENSOR_8,Farm C,10.92,23.5,62.6,2025-06-13 22:09:19,Critical Low,3.64,Irrigate
428,SENSOR_2,Farm C,32.08,23.5,24.6,2025-06-16 05:51:34,Normal,3.55,None
429,SENSOR_3,Farm B,23.46,25.9,70.9,2025-06-02 20:34:11,Dry,3.71,Irrigate
430,SENSOR_3,Farm C,19.0,24.1,59.8,2025-06-22 18:40:15,Dry,3.49,Irrigate
431,SENSOR_5,Farm A,8.0,29.5,24.0,2025-07-13 03:18:38,Dry,3.36,Irrigate
432,SENSOR_9,Farm A,66.71,26.7,51.1,2025-07-26 22:57:02,Critical High,3.63,Reduce Irrigation
433,SENSOR_5,Farm A,47.28,31.5,63.2,2025-07-16 06:00:35,Wet,3.36,None
434,SENSOR_4,Farm C,25.93,28.0,40.4,2025-07-01 08:09:11,Normal,3.27,None
435,SENSOR_7,Farm C,22.72,23.1,38.0,2025-06-27 10:44:42,Dry,3.71,Irrigate
436,SENSOR_9,Farm B,22.13,22.4,70.1,2025-07-28 12:10:48,Dry,3.53,Irrigate
437,SENSOR_1,Farm B,43.13,23.5,90.5,2025-06-28 18:17:40,Wet,3.41,Reduce Irrigation
438,SENSOR_2,Farm C,8.0,30.1,72.7,2025-06-28 09:33:48,Dry,3.4,Irrigate
439,SENSOR_8,Farm B,24.5,27.8,60.6,2025-06-10 02:46:41,Dry,3.15,Irrigate
440,SENSOR_4,Farm A,38.13,29.7,50.6,2025-06-14 06:54:44,Normal,3.76,None
441,SENSOR_9,Farm B,33.9,28.0,88.8,2025-07-11 07:15:43,Normal,3.65,None
442,SENSOR_2,Farm C,70.04,30.9,62.4,2025-06-06 21:16:06,Critical High,3.8,Reduce Irrigation
443,SENSOR_6,Farm A,27.15,26.3,59.0,2025-06-18 08:37:26,Normal,3.42,None
444,SENSOR_1,Farm C,8.0,23.8,38.8,2025-08-01 19:31:32,Critical Low,3.26,Irrigate
445,SENSOR_4,Farm B,26.91,27.6,49.0,2025-07-07 11:03:24,Normal,3.65,None
446,SENSOR_5,Farm C,28.2,22.8,52.9,2025-06-17 21:26:43,Normal,3.58,None
447,SENSOR_5,Farm C,69.91,25.7,52.6,2025-07-02 17:47:02,Critical High,3.42,Reduce Irrigation
448,SENSOR_5,Farm A,44.1,26.1,99.0,2025-07-08 06:04:35,Wet,3.24,None
449,SENSOR_3,Farm C,48.37,27.3,81.2,2025-06-14 03:31:07,Wet,3.0,Reduce Irrigation
450,SENSOR_9,Farm A,11.35,28.0,98.0,2025-06-16 11:44:59,Critical Low,3.07,Irrigate
451,SENSOR_6,Farm A,29.74,32.0,74.4,2025-07-22 07:52:58,Normal,3.0,None
452,SENSOR_8,Farm B,55.48,20.3,54.0,2025-07-11 09:35:20,Wet,3.06,Reduce Irrigation
453,SENSOR_2,Farm A,22.54,29.1,65.3,2025-07-01 12:56:26,Dry,3.11,Irrigate
454,SENSOR_7,Farm A,36.58,27.4,72.9,2025-07-30 13:57:58,Normal,3.35,None
455,SENSOR_5,Farm A,51.58,26.4,39.2,2025-07-09 23:35:02,Wet,3.37,None
456,SENSOR_8,Farm C,8.0,26.5,70.6,2025-06-27 06:39:20,Critical Low,3.74,Irrigate
457,SENSOR_5,Farm C,41.61,31.0,62.4,2025-07-27 10:26:01,Wet,3.47,None
458,SENSOR_7,Farm A,70.11,29.8,52.8,2025-07-25 18:35:09,Wet,3.43,Reduce Irrigation
459,SENSOR_3,Farm C,50.13,30.4,69.6,2025-07-18 23:07:02,Wet,3.62,Reduce Irrigation
460,SENSOR_5,Farm C,27.44,27.9,91.1,2025-07-15 09:10:50,Normal,3.38,None
461,SENSOR_1,Farm C,39.13,25.3,96.4,2025-07-30 10:02:52,Normal,3.24,None
462,SENSOR_5,Farm C,52.6,30.0,91.9,2025-06-27 00:45:53,Wet,3.18,None
463,SENSOR_9,Farm A,8.0,24.9,85.3,2025-06-10 03:58:37,Dry,3.39,Irrigate
464,SENSOR_8,Farm C,67.62,27.3,67.0,2025-07-15 19:15:01,Critical High,3.39,Reduce Irrigation
465,SENSOR_7,Farm A,17.04,30.0,53.6,2025-06-15 21:36:43,Dry,3.58,Irrigate
466,SENSOR_7,Farm A,15.2,25.8,69.0,2025-06-08 01:36:37,Dry,3.58,Irrigate
467,SENSOR_5,Farm A,34.65,30.5,24.0,2025-06-19 12:10:28,Normal,3.3,None
468,SENSOR_8,Farm A,30.1,31.1,24.0,2025-07-07 04:51:26,Normal,3.36,None
469,SENSOR_4,Farm B,10.61,31.5,70.5,2025-07-16 12:36:09,Dry,3.55,Irrigate
470,SENSOR_4,Farm A,31.01,27.4,56.2,2025-07-04 05:15:06,Normal,3.49,None
471,SENSOR_6,Farm B,44.29,26.5,63.9,2025-06-30 14:49:30,Wet,3.13,Reduce Irrigation
472,SENSOR_3,Farm B,13.82,29.0,67.9,2025-06-29 21:46:11,Critical Low,3.0,Irrigate
473,SENSOR_8,Farm B,8.0,29.0,24.0,2025-06-12 09:55:22,Critical Low,3.29,Irrigate
474,SENSOR_4,Farm C,8.0,22.5,54.8,2025-06-21 13:22:10,Dry,3.27,Irrigate
475,SENSOR_4,Farm C,49.28,30.6,48.3,2025-07-26 08:20:38,Wet,3.38,None
476,SENSOR_3,Farm A,74.41,32.5,67.2,2025-07-16 21:44:52,Critical High,3.62,Reduce Irrigation
477,SENSOR_6,Farm A,52.1,33.6,53.5,2025-07-16 03:54:41,Wet,3.41,Reduce Irrigation
478,SENSOR_1,Farm A,50.32,31.1,54.8,2025-07-08 02:36:37,Wet,3.44,Reduce Irrigation
479,SENSOR_1,Farm B,40.57,24.8,71.0,2025-07-11 22:16:06,Wet,3.42,Reduce Irrigation
480,SENSOR_9,Farm A,35.21,30.5,44.4,2025-06-30 16:24:09,Normal,3.64,None
481,SENSOR_4,Farm A,8.0,27.3,27.7,2025-07-14 19:40:01,Critical Low,3.8,Irrigate
482,SENSOR_7,Farm C,43.27,29.8,86.1,2025-07-13 10:54:47,Wet,3.65,None
483,SENSOR_4,Farm C,34.72,26.4,72.2,2025-07-30 19:29:49,Normal,3.39,None
484,SENSOR_9,Farm A,22.61,30.5,55.9,2025-06-12 12:54:51,Dry,3.4,Irrigate
485,SENSOR_7,Farm C,62.72,29.9,81.1,2025-06-17 06:14:33,Critical High,3.28,Reduce Irrigation
486,SENSOR_2,Farm C,45.09,30.6,50.5,2025-07-04 09:39:08,Wet,3.3,None
487,SENSOR_1,Farm A,26.7,26.5,94.8,2025-07-11 17:07:53,Normal,3.17,None
488,SENSOR_4,Farm A,65.07,25.8,75.5,2025-06-11 20:04:55,Critical High,3.44,Reduce Irrigation
489,SENSOR_2,Farm C,17.47,30.0,74.5,2025-07-27 17:26:46,Dry,3.28,Irrigate
490,SENSOR_5,Farm B,44.45,28.6,66.5,2025-06-04 11:44:12,Wet,3.44,None
491,SENSOR_8,Farm C,25.61,30.5,45.4,2025-06-27 16:59:31,Normal,3.3,None
492,SENSOR_6,Farm A,34.02,33.0,71.0,2025-06-21 11:31:10,Normal,3.48,None
493,SENSOR_9,Farm A,67.09,26.4,93.5,2025-07-18 10:05:25,Wet,3.26,Reduce Irrigation
494,SENSOR_6,Farm C,21.87,30.6,75.2,2025-06-29 20:33:14,Dry,3.48,Irrigate
495,SENSOR_8,Farm C,27.86,23.3,24.0,2025-07-12 14:03:21,Normal,3.5,None
496,SENSOR_4,Farm A,20.44,27.0,73.5,2025-06-17 21:30:37,Dry,3.47,Irrigate
497,SENSOR_7,Farm B,23.25,27.4,64.0,2025-06-08 05:37:40,Dry,3.33,Irrigate
498,SENSOR_9,Farm A,62.07,29.7,63.5,2025-07-03 04:22:19,Critical High,3.53,Reduce Irrigation
499,SENSOR_6,Farm A,37.09,29.4,45.8,2025-06-10 21:03:21,Normal,3.65,None
500,SENSOR_7,Farm A,68.99,36.3,48.4,2025-06-07 20:19:17,Critical High,3.33,Reduce Irrigation
501,SENSOR_5,Farm A,37.02,20.4,67.0,2025-08-02 15:17:32,Normal,3.22,None
502,SENSOR_3,Farm A,8.0,30.9,94.3,2025-06-20 20:29:06,Dry,3.47,Irrigate
503,SENSOR_8,Farm A,20.04,24.7,99.0,2025-07-31 20:38:11,Dry,3.43,Irrigate
504,SENSOR_4,Farm B,40.36,29.4,87.9,2025-06-18 05:13:49,Wet,3.32,None
505,SENSOR_7,Farm A,40.1,26.9,69.0,2025-07-23 00:10:08,Wet,3.18,None
506,SENSOR_4,Farm C,8.0,30.9,94.7,2025-08-04 10:20:55,Dry,3.54,Irrigate
507,SENSOR_6,Farm B,32.87,27.6,91.9,2025-07-23 00:24:39,Normal,3.49,None
508,SENSOR_8,Farm B,28.87,33.2,67.4,2025-06-19 17:51:45,Normal,3.43,None
509,SENSOR_5,Farm B,43.23,22.3,40.2,2025-07-23 20:15:36,Wet,3.47,None
510,SENSOR_3,Farm A,13.82,29.7,60.5,2025-06-12 02:17:08,Critical Low,3.13,Irrigate
511,SENSOR_8,Farm A,69.96,24.4,53.9,2025-06-18 12:43:13,Critical High,3.27,Reduce Irrigation
512,SENSOR_3,Farm B,39.39,24.4,78.2,2025-06-24 13:22:49,Normal,3.31,None
513,SENSOR_1,Farm C,48.92,28.3,71.4,2025-07-04 12:42:29,Wet,3.0,None
514,SENSOR_9,Farm B,43.84,28.5,74.0,2025-07-09 05:56:23,Wet,3.51,None
515,SENSOR_5,Farm A,21.44,30.3,74.2,2025-07-30 17:28:42,Dry,3.0,Irrigate
516,SENSOR_5,Farm C,30.35,30.7,65.1,2025-06-05 23:35:01,Normal,3.61,None
517,SENSOR_9,Farm C,32.35,21.3,80.1,2025-07-19 14:45:46,Normal,3.39,None
518,SENSOR_6,Farm A,25.93,34.9,64.4,2025-06-13 14:44:41,Normal,3.61,None
519,SENSOR_1,Farm B,55.68,25.2,79.4,2025-07-19 18:42:58,Critical High,3.13,Reduce Irrigation
520,SENSOR_5,Farm A,28.58,33.9,24.0,2025-07-04 04:07:06,Normal,3.29,None
521,SENSOR_4,Farm B,8.0,27.8,76.6,2025-06-23 02:14:47,Critical Low,3.55,Irrigate
522,SENSOR_7,Farm B,14.28,29.2,46.0,2025-06-26 19:24:36,Critical Low,3.47,Irrigate
523,SENSOR_4,Farm C,51.27,29.2,83.0,2025-08-03 15:23:36,Wet,3.41,None
524,SENSOR_9,Farm A,47.77,30.3,62.3,2025-07-26 00:36:39,Wet,3.43,None
525,SENSOR_2,Farm C,59.65,31.5,60.4,2025-06-02 13:55:59,Critical High,3.35,Reduce Irrigation
526,SENSOR_3,Farm B,33.25,36.1,32.4,2025-06-23 11:36:45,Normal,3.67,None
527,SENSOR_6,Farm B,39.5,27.9,70.2,2025-06-22 09:15:35,Normal,3.47,None
528,SENSOR_5,Farm B,47.16,30.2,79.7,2025-08-04 16:17:33,Wet,3.33,None
529,SENSOR_3,Farm B,34.14,31.3,54.7,2025-07-13 22:10:12,Normal,3.18,None
530,SENSOR_6,Farm A,9.57,34.3,77.0,2025-07-12 06:19:36,Critical Low,3.06,Irrigate
531,SENSOR_5,Farm B,49.0,29.5,87.7,2025-06-29 02:57:06,Wet,3.33,Reduce Irrigation
532,SENSOR_1,Farm B,48.41,24.5,80.2,2025-06-23 11:54:06,Wet,3.23,None
533,SENSOR_3,Farm B,55.57,24.4,90.1,2025-06-13 12:06:26,Wet,3.8,Reduce Irrigation
534,SENSOR_2,Farm B,29.22,31.3,67.4,2025-06-19 08:51:05,Normal,3.4,None
535,SENSOR_6,Farm B,46.92,33.4,99.0,2025-06-10 12:49:51,Wet,3.8,Reduce Irrigation
536,SENSOR_4,Farm A,49.59,33.9,55.1,2025-06-07 12:56:19,Wet,3.13,None
537,SENSOR_7,Farm B,29.08,28.6,62.0,2025-06-21 09:35:40,Normal,3.49,None
538,SENSOR_5,Farm B,14.89,25.0,46.1,2025-06-13 21:39:11,Critical Low,3.73,Irrigate
539,SENSOR_3,Farm B,56.43,26.9,99.0,2025-07-20 07:55:48,Wet,3.66,Reduce Irrigation
540,SENSOR_1,Farm C,36.26,27.7,50.9,2025-06-29 09:18:36,Normal,3.0,None
541,SENSOR_9,Farm A,34.48,30.6,25.4,2025-06-14 20:59:35,Normal,3.8,None
542,SENSOR_8,Farm A,25.95,30.4,59.6,2025-06-27 21:34:53,Normal,3.34,None
543,SENSOR_4,Farm B,35.56,25.0,73.3,2025-06-25 17:46:25,Normal,3.37,None
544,SENSOR_6,Farm B,24.34,25.7,90.0,2025-07-17 14:42:13,Dry,3.35,Irrigate
545,SENSOR_1,Farm B,60.48,23.6,42.5,2025-06-16 14:16:57,Critical High,3.62,Reduce Irrigation
546,SENSOR_6,Farm C,17.91,29.4,48.5,2025-06-12 12:55:22,Dry,3.27,Irrigate
547,SENSOR_7,Farm C,26.87,25.9,69.6,2025-07-10 13:04:04,Normal,3.06,None
548,SENSOR_7,Farm B,59.01,31.2,79.7,2025-08-03 16:20:38,Critical High,3.46,Reduce Irrigation
549,SENSOR_7,Farm B,24.4,31.5,99.0,2025-07-23 22:05:22,Dry,3.43,Irrigate
550,SENSOR_2,Farm C,29.99,34.9,84.6,2025-08-02 10:36:34,Normal,3.29,None
551,SENSOR_3,Farm C,8.61,27.4,55.4,2025-06-05 01:14:24,Critical Low,3.18,Irrigate
552,SENSOR_4,Farm C,52.9,28.2,28.2,2025-06-20 14:11:28,Wet,3.47,None
553,SENSOR_7,Farm A,40.95,32.4,57.1,2025-07-13 00:08:28,Wet,3.36,None
554,SENSOR_6,Farm C,38.78,25.6,57.6,2025-07-11 15:10:45,Normal,3.37,None
555,SENSOR_4,Farm A,30.58,38.5,53.7,2025-06-10 22:23:17,Normal,3.5,None
556,SENSOR_2,Farm B,38.62,28.5,84.0,2025-06-01 17:14:15,Normal,3.0,None
557,SENSOR_4,Farm B,19.42,25.6,83.8,2025-08-01 09:54:28,Dry,3.27,Irrigate
558,SENSOR_8,Farm A,24.66,32.7,67.5,2025-06-17 09:28:53,Dry,3.5,Irrigate
559,SENSOR_2,Farm A,9.66,21.2,57.4,2025-07-08 02:07:24,Critical Low,3.0,Irrigate
560,SENSOR_7,Farm B,44.08,25.2,43.8,2025-07-04 11:47:57,Wet,3.31,None
561,SENSOR_5,Farm C,49.35,26.0,65.9,2025-06-02 17:31:12,Wet,3.51,Reduce Irrigation
562,SENSOR_6,Farm B,13.5,28.9,61.5,2025-07-10 23:52:00,Critical Low,3.47,Irrigate
563,SENSOR_3,Farm C,61.9,28.4,95.1,2025-07-25 21:29:25,Wet,3.45,Reduce Irrigation
564,SENSOR_4,Farm A,38.29,30.4,65.4,2025-06-22 22:54:13,Normal,3.56,None
565,SENSOR_3,Farm A,38.99,30.7,78.6,2025-06-02 10:59:32,Normal,3.45,None
566,SENSOR_1,Farm B,64.33,33.1,68.3,2025-06-24 12:01:26,Critical High,3.37,Reduce Irrigation
567,SENSOR_1,Farm B,26.31,29.5,45.3,2025-07-25 08:03:34,Normal,3.59,None
568,SENSOR_9,Farm C,66.82,29.7,99.0,2025-06-20 10:49:49,Wet,3.37,Reduce Irrigation
569,SENSOR_4,Farm C,39.23,28.4,99.0,2025-07-14 21:37:19,Normal,3.31,None
570,SENSOR_1,Farm B,32.19,20.5,81.1,2025-07-13 12:47:11,Normal,3.23,None
571,SENSOR_7,Farm B,54.43,30.4,45.1,2025-07-10 08:25:10,Wet,3.31,Reduce Irrigation
572,SENSOR_9,Farm A,61.92,29.0,73.9,2025-06-07 09:36:34,Critical High,3.54,Reduce Irrigation
573,SENSOR_8,Farm C,68.66,34.4,62.1,2025-06-20 13:38:10,Wet,3.54,Reduce Irrigation
574,SENSOR_9,Farm A,21.68,31.2,58.6,2025-08-01 14:06:50,Dry,3.73,Irrigate
575,SENSOR_7,Farm A,54.28,24.4,70.9,2025-06-20 06:38:57,Wet,3.48,None
576,SENSOR_9,Farm A,60.92,30.2,58.7,2025-06-27 16:47:50,Wet,3.47,Reduce Irrigation
577,SENSOR_9,Farm C,29.7,32.3,58.0,2025-07-21 19:14:10,Normal,3.34,None
578,SENSOR_9,Farm C,35.36,33.9,30.7,2025-06-24 21:17:37,Normal,3.24,None
579,SENSOR_5,Farm C,40.41,24.0,85.0,2025-06-23 07:28:39,Wet,3.53,None
580,SENSOR_5,Farm C,8.0,35.0,49.4,2025-06-29 04:31:28,Critical Low,3.51,Irrigate
581,SENSOR_9,Farm B,55.51,29.5,80.0,2025-07-12 20:06:06,Critical High,3.35,Reduce Irrigation
582,SENSOR_3,Farm C,8.0,30.3,82.2,2025-07-10 00:09:54,Dry,3.12,Irrigate
583,SENSOR_9,Farm A,21.15,27.6,63.7,2025-06-22 01:45:19,Dry,3.42,Irrigate
584,SENSOR_6,Farm A,38.35,20.2,41.6,2025-07-02 13:31:12,Normal,3.73,None
585,SENSOR_4,Farm A,48.63,29.2,75.1,2025-06-16 13:58:04,Wet,3.5,Reduce Irrigation
586,SENSOR_2,Farm B,66.52,34.2,85.6,2025-06-05 19:48:17,Wet,3.13,Reduce Irrigation
587,SENSOR_9,Farm A,67.7,31.4,85.5,2025-06-05 10:12:57,Wet,3.72,Reduce Irrigation
588,SENSOR_3,Farm C,21.0,27.0,49.2,2025-06-09 11:07:08,Dry,3.38,Irrigate
589,SENSOR_4,Farm A,8.0,23.1,61.8,2025-06-17 22:54:08,Critical Low,3.27,Irrigate
590,SENSOR_1,Farm A,53.02,33.2,91.9,2025-06-20 17:42:38,Wet,3.73,None
591,SENSOR_9,Farm A,38.09,32.1,59.4,2025-07-21 05:34:19,Normal,3.0,None
592,SENSOR_4,Farm C,39.22,27.7,87.0,2025-06-12 07:51:41,Normal,3.2,None
593,SENSOR_7,Farm C,52.93,26.5,59.1,2025-07-21 21:20:35,Wet,3.59,None
594,SENSOR_2,Farm A,8.0,26.2,53.0,2025-07-06 23:50:00,Critical Low,3.02,Irrigate
595,SENSOR_6,Farm A,13.2,30.3,83.3,2025-06-12 17:50:09,Critical Low,3.65,Irrigate
596,SENSOR_9,Farm B,32.76,26.2,79.9,2025-07-12 08:03:06,Normal,3.59,None
597,SENSOR_7,Farm A,21.91,36.7,67.7,2025-06-06 19:29:33,Dry,3.36,Irrigate
598,SENSOR_2,Farm A,30.95,26.8,34.6,2025-07-24 07:27:47,Normal,3.55,None
599,SENSOR_9,Farm C,27.54,30.4,40.2,2025-08-01 08:34:08,Normal,3.25,None
600,SENSOR_9,Farm B,34.23,28.1,62.1,2025-07-12 22:20:43,Normal,3.55,None
601,SENSOR_6,Farm C,38.31,35.6,41.3,2025-06-05 08:20:07,Normal,3.12,None
602,SENSOR_4,Farm C,26.98,31.6,55.1,2025-06-01 11:30:12,Normal,3.67,Irrigate
603,SENSOR_3,Farm B,55.53,20.2,46.2,2025-06-20 06:22:31,Critical High,3.25,Reduce Irrigation
604,SENSOR_3,Farm C,49.12,20.2,69.2,2025-07-09 21:14:13,Wet,3.3,None
605,SENSOR_5,Farm B,44.8,31.2,63.9,2025-06-06 18:24:04,Wet,3.36,None
606,SENSOR_9,Farm C,25.96,32.0,24.9,2025-08-04 14:27:18,Normal,3.49,None
607,SENSOR_5,Farm A,27.06,28.7,63.4,2025-06-19 06:04:23,Normal,3.68,None
608,SENSOR_7,Farm A,17.63,28.8,53.3,2025-06-11 07:13:30,Dry,3.31,None
609,SENSOR_8,Farm A,29.07,29.5,75.3,2025-06-29 01:35:28,Normal,3.68,None
610,SENSOR_2,Farm C,8.0,25.2,61.1,2025-08-01 05:13:22,Dry,3.51,Irrigate
611,SENSOR_1,Farm A,20.58,32.7,85.8,2025-07-25 09:30:47,Dry,3.58,Irrigate
612,SENSOR_5,Farm A,15.36,29.3,39.0,2025-06-03 15:55:31,Dry,3.14,Irrigate
613,SENSOR_2,Farm C,8.0,35.6,82.8,2025-07-17 20:05:00,Critical Low,3.25,Irrigate
614,SENSOR_6,Farm B,16.5,29.2,38.9,2025-06-08 03:24:27,Dry,3.45,Irrigate
615,SENSOR_5,Farm B,11.98,26.5,67.3,2025-08-01 17:34:44,Dry,3.38,Irrigate
616,SENSOR_6,Farm A,38.45,30.6,60.0,2025-06-13 11:51:31,Normal,3.48,None
617,SENSOR_8,Farm C,16.87,28.6,56.4,2025-07-28 15:31:28,Dry,3.48,Irrigate
618,SENSOR_1,Farm B,23.14,25.8,58.8,2025-06-20 03:57:12,Dry,3.42,Irrigate
619,SENSOR_2,Farm C,31.74,24.0,44.3,2025-06-10 15:30:31,Normal,3.54,None
620,SENSOR_7,Farm A,40.83,28.7,76.6,2025-06-14 07:46:43,Wet,3.57,None
621,SENSOR_2,Farm A,56.59,26.5,81.1,2025-06-13 08:35:25,Critical High,3.23,Reduce Irrigation
622,SENSOR_7,Farm C,81.53,27.3,78.6,2025-07-20 09:58:03,Critical High,3.15,Reduce Irrigation
623,SENSOR_2,Farm B,32.94,28.2,35.9,2025-06-08 05:14:58,Normal,3.18,None
624,SENSOR_9,Farm C,21.19,21.5,56.2,2025-06-08 00:47:30,Dry,3.0,Irrigate
625,SENSOR_5,Farm C,25.4,25.3,64.7,2025-06-01 06:05:12,Normal,3.43,None
626,SENSOR_5,Farm B,26.42,27.6,55.2,2025-06-20 09:21:16,Normal,3.19,None
627,SENSOR_6,Farm B,42.9,30.8,77.1,2025-06-06 21:41:47,Wet,3.55,Reduce Irrigation
628,SENSOR_1,Farm A,29.71,23.3,74.5,2025-06-21 23:22:23,Normal,3.34,None
629,SENSOR_2,Farm C,8.0,27.7,46.6,2025-06-17 08:36:39,Dry,3.45,Irrigate
630,SENSOR_2,Farm C,26.33,29.7,42.7,2025-07-02 21:31:41,Normal,3.2,None
631,SENSOR_5,Farm B,12.78,26.0,77.7,2025-06-20 20:13:07,Critical Low,3.49,Irrigate
632,SENSOR_5,Farm B,33.49,24.0,75.8,2025-07-06 09:58:02,Normal,3.54,None
633,SENSOR_5,Farm B,36.95,27.3,68.2,2025-06-03 23:57:38,Normal,3.42,None
634,SENSOR_5,Farm B,38.04,27.7,99.0,2025-07-28 08:05:57,Normal,3.33,None
635,SENSOR_8,Farm C,46.88,29.5,88.2,2025-06-01 11:19:49,Wet,3.03,Reduce Irrigation
636,SENSOR_4,Farm C,40.09,35.7,59.0,2025-07-26 22:40:15,Wet,3.35,Reduce Irrigation
637,SENSOR_7,Farm C,57.9,33.6,40.0,2025-07-22 15:02:16,Wet,3.27,Reduce Irrigation
638,SENSOR_3,Farm A,60.35,24.3,82.3,2025-07-31 15:01:35,Critical High,3.02,Reduce Irrigation
639,SENSOR_3,Farm A,37.86,30.6,30.3,2025-06-22 09:04:35,Normal,3.56,None
640,SENSOR_7,Farm B,46.63,30.8,48.6,2025-06-28 18:21:19,Wet,3.67,Reduce Irrigation
641,SENSOR_1,Farm C,13.29,27.9,53.3,2025-07-23 23:06:32,Critical Low,3.38,Irrigate
642,SENSOR_5,Farm C,37.26,23.3,56.5,2025-06-15 08:19:59,Normal,3.28,None
643,SENSOR_3,Farm B,58.9,28.2,37.5,2025-07-02 12:40:03,Critical High,3.35,Reduce Irrigation
644,SENSOR_4,Farm C,31.86,27.0,61.5,2025-06-15 22:21:57,Normal,3.1,None
645,SENSOR_9,Farm C,52.52,31.6,47.4,2025-07-17 14:15:12,Wet,3.38,Reduce Irrigation
646,SENSOR_4,Farm C,15.56,22.4,46.3,2025-06-09 22:57:20,Dry,3.27,Irrigate
647,SENSOR_2,Farm B,44.36,26.5,62.3,2025-07-10 03:40:24,Wet,3.27,None
648,SENSOR_2,Farm A,22.86,27.6,45.5,2025-07-16 19:41:33,Dry,3.37,Irrigate
649,SENSOR_1,Farm C,8.0,22.7,67.5,2025-07-21 21:22:01,Dry,3.6,Irrigate
650,SENSOR_3,Farm C,84.12,30.0,55.4,2025-07-05 08:04:57,Critical High,3.21,Reduce Irrigation
651,SENSOR_2,Farm C,34.35,26.3,59.2,2025-06-11 22:27:02,Normal,3.12,None
652,SENSOR_9,Farm B,35.74,34.7,48.2,2025-06-09 10:43:36,Normal,3.55,None
653,SENSOR_4,Farm A,40.09,28.7,59.2,2025-06-29 10:35:15,Wet,3.53,None
654,SENSOR_5,Farm B,20.66,32.3,34.4,2025-06-20 04:13:29,Dry,3.59,Irrigate
655,SENSOR_6,Farm C,32.89,29.8,61.7,2025-07-23 20:54:45,Normal,3.21,None
656,SENSOR_8,Farm A,14.25,30.2,48.5,2025-06-17 20:13:30,Critical Low,3.41,Irrigate
657,SENSOR_7,Farm C,40.09,36.4,44.5,2025-07-07 15:52:22,Wet,3.32,None
658,SENSOR_3,Farm B,37.85,29.8,55.2,2025-08-01 03:00:48,Normal,3.45,None
659,SENSOR_4,Farm C,84.12,24.2,75.5,2025-06-30 02:26:17,Wet,3.47,Reduce Irrigation
660,SENSOR_4,Farm B,23.49,31.7,58.4,2025-06-28 22:39:28,Dry,3.44,Irrigate
661,SENSOR_4,Farm C,49.07,23.6,88.2,2025-07-04 02:32:55,Wet,3.34,Reduce Irrigation
662,SENSOR_4,Farm C,46.5,34.1,57.2,2025-06-11 07:14:14,Wet,3.6,None
663,SENSOR_4,Farm C,32.03,20.2,88.5,2025-06-01 15:47:30,Normal,3.48,None
664,SENSOR_9,Farm C,36.37,22.5,33.0,2025-06-22 17:59:18,Normal,3.51,None
665,SENSOR_4,Farm B,37.45,29.8,67.6,2025-06-22 12:09:43,Normal,3.2,None
666,SENSOR_6,Farm A,47.66,22.8,61.8,2025-06-30 19:59:01,Wet,3.0,None
667,SENSOR_2,Farm A,8.0,23.4,27.2,2025-06-04 11:21:37,Critical Low,3.51,Irrigate
668,SENSOR_6,Farm A,38.46,21.2,94.1,2025-06-02 10:19:12,Normal,3.26,None
669,SENSOR_1,Farm A,31.75,35.6,99.0,2025-07-29 19:05:00,Normal,3.25,None
670,SENSOR_2,Farm C,8.0,24.0,67.5,2025-07-17 11:48:43,Dry,3.31,Irrigate
671,SENSOR_1,Farm A,47.47,30.8,77.3,2025-06-06 04:24:00,Wet,3.62,None
672,SENSOR_1,Farm A,25.38,33.9,54.8,2025-06-03 23:03:28,Normal,3.73,None
673,SENSOR_6,Farm B,36.3,28.4,79.6,2025-07-17 01:55:51,Normal,3.47,None
674,SENSOR_3,Farm B,58.63,29.9,64.7,2025-07-18 12:46:26,Critical High,3.37,Reduce Irrigation
675,SENSOR_3,Farm C,19.72,20.2,43.0,2025-06-24 16:28:34,Dry,3.25,Irrigate
676,SENSOR_2,Farm B,17.27,24.8,27.9,2025-06-27 20:33:47,Dry,3.42,Irrigate
677,SENSOR_5,Farm A,9.66,26.7,82.4,2025-06-14 15:13:58,Critical Low,3.51,Irrigate
678,SENSOR_8,Farm A,22.88,28.0,85.4,2025-07-22 10:31:46,Dry,3.56,Irrigate
679,SENSOR_9,Farm A,26.82,26.6,62.0,2025-06-07 15:36:11,Normal,3.35,None
680,SENSOR_3,Farm B,13.34,29.8,24.0,2025-06-19 10:09:54,Critical Low,3.24,Irrigate
681,SENSOR_2,Farm A,53.33,25.7,63.1,2025-06-23 13:50:39,Wet,3.6,None
682,SENSOR_9,Farm C,26.96,31.4,99.0,2025-07-01 06:31:44,Normal,3.42,None
683,SENSOR_2,Farm B,33.92,24.9,74.4,2025-06-23 16:53:40,Normal,3.0,None
684,SENSOR_2,Farm B,9.26,25.6,89.7,2025-06-07 16:47:05,Dry,3.34,Irrigate
685,SENSOR_6,Farm B,30.15,24.5,37.4,2025-08-02 08:01:53,Normal,3.09,None
686,SENSOR_8,Farm C,22.47,26.9,59.7,2025-07-27 07:29:15,Dry,3.5,Irrigate
687,SENSOR_4,Farm B,49.26,35.6,64.0,2025-08-02 20:29:16,Wet,3.61,None
688,SENSOR_5,Farm A,13.1,24.9,52.7,2025-08-03 04:18:23,Critical Low,3.8,Irrigate
689,SENSOR_6,Farm A,25.8,28.4,65.8,2025-07-28 22:15:53,Normal,3.4,None
690,SENSOR_6,Farm C,8.0,33.6,52.7,2025-07-02 23:11:32,Critical Low,3.4,Irrigate
691,SENSOR_8,Farm B,24.91,31.5,88.2,2025-07-17 09:57:53,Dry,3.29,None
692,SENSOR_2,Farm C,84.12,27.4,24.7,2025-07-15 17:02:56,Wet,3.63,Reduce Irrigation
693,SENSOR_1,Farm C,51.57,22.6,65.7,2025-07-05 22:49:18,Wet,3.47,Reduce Irrigation
694,SENSOR_6,Farm C,40.31,29.8,79.1,2025-06-09 22:31:08,Wet,3.39,None
695,SENSOR_5,Farm B,84.12,29.9,48.5,2025-06-04 18:49:03,Critical High,3.59,Reduce Irrigation
696,SENSOR_4,Farm B,36.18,27.7,96.6,2025-06-02 10:54:46,Normal,3.3,None
697,SENSOR_6,Farm A,38.6,25.7,67.3,2025-06-23 12:35:20,Normal,3.62,None
698,SENSOR_8,Farm A,30.7,29.7,67.5,2025-06-11 10:22:21,Normal,3.02,None
699,SENSOR_6,Farm A,44.47,33.9,48.6,2025-08-04 15:40:55,Wet,3.04,Reduce Irrigation
700,SENSOR_1,Farm C,35.07,36.8,56.0,2025-06-06 22:45:23,Normal,3.39,None
701,SENSOR_2,Farm A,52.66,30.0,57.7,2025-06-14 06:05:25,Wet,3.28,None
702,SENSOR_6,Farm B,67.33,21.3,68.7,2025-07-30 21:19:10,Wet,3.06,Reduce Irrigation
703,SENSOR_7,Farm B,19.69,22.9,65.6,2025-06-14 06:49:23,Dry,3.37,Irrigate
704,SENSOR_2,Farm A,40.84,28.2,73.4,2025-06-03 18:31:56,Wet,3.77,Reduce Irrigation
705,SENSOR_7,Farm B,17.83,31.0,55.2,2025-07-09 22:45:34,Dry,3.15,Irrigate
706,SENSOR_3,Farm A,57.15,33.4,36.4,2025-06-27 04:55:11,Critical High,3.35,Reduce Irrigation
707,SENSOR_1,Farm A,66.11,25.7,71.0,2025-06-18 02:53:26,Wet,3.68,Reduce Irrigation
708,SENSOR_4,Farm C,30.54,31.1,51.5,2025-06-28 14:35:02,Normal,3.8,None
709,SENSOR_7,Farm B,74.32,28.0,37.2,2025-07-06 03:04:03,Wet,3.59,Reduce Irrigation
710,SENSOR_8,Farm A,38.01,32.3,35.0,2025-07-15 17:42:40,Normal,3.57,None
711,SENSOR_1,Farm A,14.12,23.5,99.0,2025-07-15 17:53:54,Critical Low,3.39,Irrigate
712,SENSOR_4,Farm B,72.58,23.2,91.7,2025-06-08 16:24:59,Critical High,3.73,Reduce Irrigation
713,SENSOR_1,Farm A,29.17,28.6,55.0,2025-07-31 05:28:54,Normal,3.52,None
714,SENSOR_7,Farm A,30.32,24.2,48.0,2025-07-20 13:32:14,Normal,3.55,None
715,SENSOR_6,Farm A,66.53,21.3,84.9,2025-07-31 16:35:23,Critical High,3.49,Reduce Irrigation
716,SENSOR_4,Farm C,39.25,31.0,55.4,2025-06-16 08:10:49,Normal,3.45,None
717,SENSOR_6,Farm C,61.46,25.6,92.1,2025-07-31 05:24:10,Critical High,3.5,Reduce Irrigation
718,SENSOR_9,Farm A,39.31,30.0,84.7,2025-07-06 13:12:22,Normal,3.07,None
719,SENSOR_2,Farm C,43.21,26.0,55.0,2025-07-22 17:57:03,Wet,3.12,None
720,SENSOR_6,Farm C,62.59,30.2,24.0,2025-06-03 02:49:11,Critical High,3.45,Reduce Irrigation
721,SENSOR_8,Farm C,74.18,26.6,54.7,2025-08-01 09:49:12,Critical High,3.4,Reduce Irrigation
722,SENSOR_7,Farm C,16.54,37.9,68.9,2025-08-02 16:49:24,Dry,3.41,None
723,SENSOR_4,Farm A,17.57,22.4,42.4,2025-06-30 18:03:08,Dry,3.31,Irrigate
724,SENSOR_5,Farm A,52.37,26.9,56.0,2025-06-18 06:02:33,Wet,3.12,Reduce Irrigation
725,SENSOR_4,Farm A,33.07,32.8,55.7,2025-07-11 12:35:55,Normal,3.75,None
726,SENSOR_2,Farm B,38.98,22.9,39.9,2025-07-20 07:24:42,Normal,3.06,None
727,SENSOR_2,Farm C,26.82,30.6,80.7,2025-07-23 09:38:22,Normal,3.5,None
728,SENSOR_2,Farm B,53.37,22.8,65.3,2025-07-10 12:37:30,Wet,3.38,None
729,SENSOR_6,Farm A,8.0,35.0,44.3,2025-06-22 21:00:17,Critical Low,3.57,Irrigate
730,SENSOR_9,Farm C,84.12,21.5,33.8,2025-06-08 16:33:46,Critical High,3.44,Reduce Irrigation
731,SENSOR_9,Farm C,68.75,25.6,34.0,2025-08-03 10:48:41,Critical High,3.11,Reduce Irrigation
732,SENSOR_1,Farm C,31.02,27.3,84.3,2025-06-13 06:07:15,Normal,3.6,None
733,SENSOR_9,Farm A,67.81,29.3,27.8,2025-06-28 21:44:20,Critical High,3.23,Reduce Irrigation
734,SENSOR_8,Farm C,79.04,33.1,70.6,2025-06-17 09:28:35,Wet,3.02,Reduce Irrigation
735,SENSOR_3,Farm C,84.12,31.3,33.9,2025-07-12 15:29:51,Critical High,3.66,Reduce Irrigation
736,SENSOR_3,Farm C,23.68,30.8,52.9,2025-07-20 13:55:08,Dry,3.06,Irrigate
737,SENSOR_1,Farm B,36.13,20.2,59.1,2025-07-22 13:53:28,Normal,3.36,None
738,SENSOR_8,Farm C,56.38,21.6,59.6,2025-06-25 18:23:59,Critical High,3.59,Reduce Irrigation
739,SENSOR_4,Farm C,47.55,27.4,43.9,2025-06-22 23:25:08,Wet,3.53,Reduce Irrigation
740,SENSOR_6,Farm B,11.93,26.0,61.3,2025-08-04 05:17:16,Critical Low,3.0,Irrigate
741,SENSOR_5,Farm B,16.27,26.3,35.4,2025-07-16 18:47:04,Dry,3.48,Irrigate
742,SENSOR_9,Farm B,32.48,29.5,64.4,2025-07-22 21:53:48,Normal,3.71,None
743,SENSOR_6,Farm A,27.79,29.5,64.4,2025-06-14 07:10:15,Normal,3.43,None
744,SENSOR_2,Farm A,16.99,26.8,64.6,2025-07-19 10:45:46,Dry,3.24,Irrigate
745,SENSOR_3,Farm A,71.63,32.8,76.4,2025-06-07 11:15:15,Critical High,3.04,Reduce Irrigation
746,SENSOR_5,Farm B,31.03,24.4,50.8,2025-08-03 13:36:20,Normal,3.5,None
747,SENSOR_5,Farm B,47.77,23.4,60.9,2025-07-08 00:17:24,Wet,3.35,None
748,SENSOR_2,Farm B,16.23,26.9,37.4,2025-07-05 00:30:53,Dry,3.46,Irrigate
749,SENSOR_6,Farm B,18.07,28.2,62.2,2025-06-27 09:16:37,Dry,3.64,Irrigate
750,SENSOR_1,Farm C,46.44,26.8,66.4,2025-08-04 17:12:56,Wet,3.31,None
751,SENSOR_8,Farm A,23.57,31.7,40.9,2025-06-19 16:45:11,Dry,3.2,Irrigate
752,SENSOR_7,Farm C,40.63,31.1,82.7,2025-06-30 12:47:41,Wet,3.33,None
753,SENSOR_4,Farm B,43.22,33.6,60.4,2025-07-22 23:34:32,Wet,3.34,Reduce Irrigation
754,SENSOR_1,Farm C,8.0,29.0,43.8,2025-07-07 17:37:52,Critical Low,3.38,Irrigate
755,SENSOR_9,Farm C,45.77,28.8,80.7,2025-06-26 22:36:22,Wet,3.22,None
756,SENSOR_3,Farm C,23.07,27.7,62.0,2025-07-08 12:56:57,Dry,3.58,Irrigate
757,SENSOR_1,Farm C,35.98,31.5,58.4,2025-07-07 00:16:28,Normal,3.38,None
758,SENSOR_1,Farm B,34.52,33.4,58.4,2025-06-11 13:33:48,Normal,3.59,None
759,SENSOR_2,Farm B,35.06,25.5,46.7,2025-07-12 18:15:37,Normal,3.64,None
760,SENSOR_6,Farm C,41.68,31.8,68.6,2025-07-17 19:37:31,Wet,3.7,None
761,SENSOR_6,Farm A,58.94,26.7,59.2,2025-07-02 20:03:29,Critical High,3.45,Reduce Irrigation
762,SENSOR_5,Farm A,60.43,24.0,46.9,2025-07-28 18:18:52,Critical High,3.48,Reduce Irrigation
763,SENSOR_5,Farm C,13.76,26.8,81.3,2025-07-31 11:02:07,Critical Low,3.32,Irrigate
764,SENSOR_1,Farm C,37.32,28.2,69.8,2025-07-21 19:23:58,Normal,3.25,None
765,SENSOR_1,Farm C,43.06,27.8,33.6,2025-06-25 03:26:57,Wet,3.3,Reduce Irrigation
766,SENSOR_8,Farm C,29.11,30.1,54.1,2025-06-26 04:19:20,Normal,3.49,None
767,SENSOR_3,Farm C,8.0,24.7,65.0,2025-07-23 08:43:27,Dry,3.3,Irrigate
768,SENSOR_9,Farm A,38.5,27.3,60.0,2025-07-31 04:54:07,Normal,3.76,None
769,SENSOR_4,Farm A,15.5,35.0,42.0,2025-06-19 21:56:25,Dry,3.5,Irrigate
770,SENSOR_7,Farm B,8.0,28.4,99.0,2025-06-27 18:15:12,Dry,3.71,Irrigate
771,SENSOR_8,Farm B,33.21,30.3,65.5,2025-06-04 11:50:29,Normal,3.16,None
772,SENSOR_3,Farm A,14.17,31.6,65.2,2025-06-08 04:31:41,Critical Low,3.64,Irrigate
773,SENSOR_4,Farm C,17.45,30.2,66.1,2025-07-07 04:30:14,Dry,3.52,Irrigate
774,SENSOR_1,Farm C,28.76,26.9,71.3,2025-06-22 18:31:47,Normal,3.78,None
775,SENSOR_5,Farm A,45.9,30.0,78.8,2025-06-09 17:57:36,Wet,3.1,None
776,SENSOR_6,Farm C,70.74,28.7,63.4,2025-07-15 17:48:13,Wet,3.22,Reduce Irrigation
777,SENSOR_2,Farm C,55.51,26.6,54.8,2025-07-17 09:10:53,Wet,3.52,Reduce Irrigation
778,SENSOR_1,Farm A,34.83,24.0,73.5,2025-06-17 08:33:10,Normal,3.49,None
779,SENSOR_1,Farm B,51.22,26.4,39.7,2025-07-24 21:47:45,Wet,3.26,None
780,SENSOR_1,Farm B,19.81,34.5,63.5,2025-07-24 20:59:22,Dry,3.57,Irrigate
781,SENSOR_8,Farm C,10.37,21.5,65.9,2025-07-01 19:05:24,Critical Low,3.0,Irrigate
782,SENSOR_7,Farm A,8.0,24.1,61.4,2025-07-09 12:08:45,Critical Low,3.09,Irrigate
783,SENSOR_3,Farm C,26.61,23.9,48.0,2025-08-02 22:05:31,Normal,3.29,None
784,SENSOR_2,Farm B,53.63,23.2,50.0,2025-07-05 12:15:09,Wet,3.24,None
785,SENSOR_5,Farm C,8.0,27.3,51.4,2025-06-29 16:58:53,Critical Low,3.38,Irrigate
786,SENSOR_2,Farm B,35.01,29.6,58.7,2025-08-03 07:30:33,Normal,3.39,None
787,SENSOR_2,Farm B,65.91,30.1,58.5,2025-07-11 01:36:16,Wet,3.22,Reduce Irrigation
788,SENSOR_8,Farm A,33.98,36.9,79.2,2025-07-01 20:59:42,Normal,3.39,None
789,SENSOR_4,Farm C,50.92,29.3,50.1,2025-06-15 21:05:55,Wet,3.53,None
790,SENSOR_4,Farm B,41.21,33.2,62.3,2025-06-24 21:42:12,Wet,3.53,Reduce Irrigation
791,SENSOR_6,Farm B,67.33,28.5,52.5,2025-07-12 00:15:03,Wet,3.26,Reduce Irrigation
792,SENSOR_4,Farm A,24.66,23.2,99.0,2025-07-31 23:00:50,Dry,3.35,Irrigate
793,SENSOR_9,Farm A,43.45,24.0,98.3,2025-07-27 07:40:24,Wet,3.18,None
794,SENSOR_3,Farm C,21.87,24.0,46.9,2025-07-31 07:22:06,Dry,3.25,Irrigate
795,SENSOR_2,Farm C,84.12,21.0,94.4,2025-08-03 14:08:46,Critical High,3.39,Reduce Irrigation
796,SENSOR_7,Farm C,8.55,27.8,81.0,2025-06-26 11:25:48,Critical Low,3.67,Irrigate
797,SENSOR_8,Farm B,45.4,26.4,99.0,2025-07-01 22:54:49,Wet,3.58,None
798,SENSOR_9,Farm C,46.54,28.3,53.7,2025-06-11 23:46:30,Wet,3.22,Reduce Irrigation
799,SENSOR_5,Farm C,9.33,23.8,85.3,2025-06-10 23:11:23,Critical Low,3.13,Irrigate
800,SENSOR_4,Farm C,49.9,30.6,99.0,2025-07-24 21:27:30,Wet,3.45,None
801,SENSOR_4,Farm B,22.97,33.7,24.0,2025-07-18 08:17:32,Dry,3.6,Irrigate
802,SENSOR_5,Farm A,25.91,29.0,31.6,2025-06-24 22:02:53,Normal,3.8,None
803,SENSOR_3,Farm C,42.45,28.5,42.4,2025-07-07 17:35:28,Wet,3.35,None
804,SENSOR_3,Farm A,64.72,26.9,64.7,2025-07-29 05:32:58,Wet,3.04,Reduce Irrigation
805,SENSOR_5,Farm A,27.45,24.1,55.5,2025-06-16 16:18:28,Normal,3.53,None
806,SENSOR_5,Farm B,47.6,30.2,33.8,2025-07-15 21:08:23,Wet,3.17,None
807,SENSOR_2,Farm B,16.72,28.9,36.6,2025-06-04 06:53:30,Dry,3.36,None
808,SENSOR_4,Farm C,12.31,20.3,32.2,2025-06-12 18:38:15,Critical Low,3.49,Irrigate
809,SENSOR_6,Farm A,50.48,27.6,48.0,2025-07-13 09:17:25,Wet,3.7,None
810,SENSOR_7,Farm A,53.56,30.9,75.0,2025-07-16 06:51:03,Wet,3.56,None
811,SENSOR_9,Farm B,37.25,27.0,78.7,2025-06-18 11:47:48,Normal,3.48,None
812,SENSOR_1,Farm A,26.93,29.5,32.3,2025-06-17 06:57:26,Normal,3.61,None
813,SENSOR_9,Farm C,11.01,35.5,83.8,2025-07-06 10:34:05,Critical Low,3.63,Irrigate
814,SENSOR_1,Farm C,70.24,27.1,45.7,2025-06-08 22:12:52,Critical High,3.25,Reduce Irrigation
815,SENSOR_6,Farm C,51.59,24.2,96.8,2025-06-28 12:35:46,Wet,3.13,None
816,SENSOR_5,Farm C,52.38,26.3,50.1,2025-08-02 19:23:02,Wet,3.61,None
817,SENSOR_4,Farm B,23.57,32.6,49.0,2025-07-13 05:46:07,Dry,3.2,Irrigate
818,SENSOR_4,Farm C,56.5,22.4,48.9,2025-06-10 11:54:13,Critical High,3.31,Reduce Irrigation
819,SENSOR_7,Farm A,45.74,20.2,59.9,2025-06-29 02:39:15,Wet,3.23,None
820,SENSOR_8,Farm C,23.92,26.3,76.8,2025-06-13 09:34:39,Dry,3.26,Irrigate
821,SENSOR_6,Farm B,40.03,26.3,49.8,2025-06-03 11:18:49,Wet,3.11,None
822,SENSOR_8,Farm A,20.87,23.3,79.4,2025-07-05 15:36:16,Dry,3.03,None
823,SENSOR_5,Farm C,8.0,31.7,60.0,2025-07-18 05:33:47,Critical Low,3.69,Irrigate
824,SENSOR_5,Farm A,8.0,25.0,52.4,2025-07-13 12:08:00,Critical Low,3.53,Irrigate
825,SENSOR_2,Farm C,8.0,32.1,38.9,2025-06-02 22:30:20,Critical Low,3.09,Irrigate
826,SENSOR_3,Farm A,46.79,29.0,50.5,2025-07-22 07:11:44,Wet,3.36,Reduce Irrigation
827,SENSOR_5,Farm A,40.43,23.6,51.4,2025-06-24 03:58:54,Wet,3.35,Reduce Irrigation
828,SENSOR_8,Farm C,47.31,30.8,67.9,2025-07-29 02:58:39,Wet,3.26,Reduce Irrigation
829,SENSOR_6,Farm A,21.52,28.8,73.4,2025-06-02 19:20:16,Dry,3.45,Irrigate
830,SENSOR_3,Farm B,31.09,27.4,64.7,2025-07-27 15:17:58,Normal,3.41,None
831,SENSOR_1,Farm A,27.04,30.3,69.4,2025-07-13 14:11:32,Normal,3.23,None
832,SENSOR_6,Farm C,51.91,26.4,89.9,2025-07-20 22:15:41,Wet,3.06,None
833,SENSOR_4,Farm B,28.52,32.3,65.7,2025-08-04 14:36:19,Normal,3.3,None
834,SENSOR_1,Farm A,13.05,31.0,71.6,2025-06-29 18:03:05,Critical Low,3.29,Irrigate
835,SENSOR_1,Farm B,20.38,27.9,68.9,2025-07-27 02:09:12,Dry,3.46,None
836,SENSOR_3,Farm B,28.21,21.7,31.9,2025-06-14 03:17:37,Normal,3.08,None
837,SENSOR_5,Farm A,21.16,29.2,83.3,2025-07-13 14:55:44,Dry,3.44,Irrigate
838,SENSOR_7,Farm B,60.86,32.0,58.8,2025-06-25 18:21:13,Wet,3.36,Reduce Irrigation
839,SENSOR_5,Farm A,33.63,29.1,71.7,2025-06-30 05:55:48,Normal,3.33,None
840,SENSOR_3,Farm A,50.28,22.0,57.6,2025-06-14 22:04:48,Wet,3.4,None
841,SENSOR_2,Farm A,42.19,31.0,58.8,2025-06-19 17:37:25,Wet,3.46,None
842,SENSOR_7,Farm B,56.61,33.4,49.0,2025-06-30 16:04:23,Critical High,3.35,Reduce Irrigation
843,SENSOR_1,Farm C,33.31,31.1,58.8,2025-07-28 20:41:07,Normal,3.43,None
844,SENSOR_7,Farm C,8.0,32.9,70.3,2025-08-03 09:39:28,Critical Low,3.36,Irrigate
845,SENSOR_7,Farm C,34.07,25.2,99.0,2025-06-15 10:08:58,Normal,3.45,None
846,SENSOR_5,Farm C,13.02,21.0,52.3,2025-08-01 23:54:45,Critical Low,3.46,Irrigate
847,SENSOR_6,Farm B,48.14,30.7,62.4,2025-07-03 07:34:45,Wet,3.31,Reduce Irrigation
848,SENSOR_1,Farm A,29.61,22.9,53.6,2025-06-27 17:12:09,Normal,3.24,None
849,SENSOR_2,Farm C,65.41,32.2,79.0,2025-07-07 19:17:51,Wet,3.36,Reduce Irrigation
850,SENSOR_4,Farm B,38.08,26.5,79.4,2025-07-26 19:04:05,Normal,3.51,None
851,SENSOR_6,Farm A,43.56,28.7,46.0,2025-07-28 04:19:23,Wet,3.8,None
852,SENSOR_9,Farm C,34.1,33.1,99.0,2025-07-26 20:39:53,Normal,3.23,None
853,SENSOR_6,Farm A,20.09,31.5,90.5,2025-07-31 10:11:02,Dry,3.25,Irrigate
854,SENSOR_3,Farm C,47.24,24.5,82.5,2025-07-04 22:01:16,Wet,3.51,None
855,SENSOR_1,Farm C,22.94,32.3,84.2,2025-06-09 19:05:43,Dry,3.27,Irrigate
856,SENSOR_3,Farm C,51.2,23.2,60.9,2025-06-10 15:33:33,Wet,3.35,Reduce Irrigation
857,SENSOR_1,Farm B,46.11,32.5,92.6,2025-06-01 18:43:54,Wet,3.18,None
858,SENSOR_4,Farm B,39.99,32.7,61.1,2025-07-21 15:09:25,Normal,3.39,None
859,SENSOR_6,Farm C,8.41,27.7,94.1,2025-08-03 22:00:34,Dry,3.5,Irrigate
860,SENSOR_3,Farm A,44.7,29.5,74.0,2025-07-10 04:37:04,Wet,3.3,None
861,SENSOR_6,Farm C,31.63,21.1,67.7,2025-07-03 08:10:02,Normal,3.69,None
862,SENSOR_7,Farm B,9.12,26.0,37.7,2025-07-30 22:50:34,Dry,3.13,Irrigate
863,SENSOR_6,Farm C,41.59,25.6,61.6,2025-06-11 12:42:51,Wet,3.18,Reduce Irrigation
864,SENSOR_5,Farm A,51.31,29.5,71.2,2025-06-16 22:45:53,Wet,3.24,None
865,SENSOR_2,Farm A,24.45,33.1,55.2,2025-07-09 14:33:41,Dry,3.57,None
866,SENSOR_8,Farm A,62.5,34.4,58.3,2025-07-12 09:38:37,Wet,3.26,Reduce Irrigation
867,SENSOR_5,Farm A,8.0,32.0,88.3,2025-07-25 12:58:55,Dry,3.42,Irrigate
868,SENSOR_9,Farm C,25.55,32.9,51.6,2025-07-01 08:09:06,Normal,3.72,None
869,SENSOR_2,Farm C,11.79,26.2,71.6,2025-06-24 06:50:49,Critical Low,3.22,Irrigate
870,SENSOR_4,Farm B,27.07,37.5,28.6,2025-06-29 17:19:38,Normal,3.23,None
871,SENSOR_7,Farm C,30.31,26.2,44.4,2025-06-04 21:48:23,Normal,3.29,None
872,SENSOR_6,Farm B,35.09,34.3,49.0,2025-06-05 03:31:24,Normal,3.53,None
873,SENSOR_9,Farm A,34.4,23.2,63.6,2025-07-24 10:58:06,Normal,3.18,None
874,SENSOR_1,Farm A,36.25,30.6,70.6,2025-06-17 00:09:30,Normal,3.31,None
875,SENSOR_4,Farm C,49.14,25.5,61.8,2025-07-11 13:01:08,Wet,3.37,None
876,SENSOR_7,Farm B,40.54,26.3,24.0,2025-06-27 21:28:04,Wet,3.54,Reduce Irrigation
877,SENSOR_2,Farm B,53.99,29.6,89.6,2025-06-18 16:00:38,Wet,3.15,Reduce Irrigation
878,SENSOR_3,Farm B,59.17,29.4,24.0,2025-07-11 05:54:11,Critical High,3.38,Reduce Irrigation
879,SENSOR_6,Farm C,42.93,23.5,65.0,2025-06-21 03:53:09,Wet,3.58,None
880,SENSOR_2,Farm B,20.44,24.2,62.3,2025-08-01 10:58:40,Dry,3.54,Irrigate
881,SENSOR_5,Farm A,42.59,25.3,66.4,2025-06-13 10:28:04,Wet,3.0,Reduce Irrigation
882,SENSOR_9,Farm C,27.97,29.6,83.4,2025-07-18 17:37:38,Normal,3.18,None
883,SENSOR_6,Farm C,45.49,28.7,99.0,2025-07-18 11:14:05,Wet,3.38,None
884,SENSOR_2,Farm B,35.27,24.1,70.4,2025-07-03 10:19:14,Normal,3.32,None
885,SENSOR_1,Farm A,20.89,30.5,86.5,2025-07-25 14:01:36,Dry,3.56,Irrigate
886,SENSOR_9,Farm A,45.07,33.3,96.7,2025-07-03 03:33:27,Wet,3.44,None
887,SENSOR_8,Farm B,46.71,33.6,89.3,2025-06-21 23:25:03,Wet,3.24,Reduce Irrigation
888,SENSOR_2,Farm B,43.14,24.4,61.5,2025-06-12 22:09:20,Wet,3.47,Reduce Irrigation
889,SENSOR_7,Farm A,43.94,33.4,67.6,2025-07-24 04:15:39,Wet,3.08,None
890,SENSOR_8,Farm C,16.03,28.7,99.0,2025-07-02 18:32:08,Dry,3.0,Irrigate
891,SENSOR_6,Farm A,44.27,25.3,52.0,2025-07-20 14:00:09,Wet,3.21,None
892,SENSOR_5,Farm A,51.18,26.8,80.6,2025-06-01 19:16:54,Wet,3.28,None
893,SENSOR_1,Farm A,28.98,32.9,25.2,2025-07-03 21:11:03,Normal,3.12,None
894,SENSOR_3,Farm A,54.5,24.5,63.4,2025-06-20 06:37:01,Wet,3.04,None
895,SENSOR_5,Farm A,11.11,30.1,56.3,2025-06-29 19:46:17,Critical Low,3.55,Irrigate
896,SENSOR_7,Farm A,38.93,22.4,60.4,2025-07-23 21:20:07,Normal,3.49,None
897,SENSOR_8,Farm A,46.32,29.6,60.0,2025-06-23 07:16:55,Wet,3.56,None
898,SENSOR_3,Farm A,30.04,35.1,69.6,2025-07-10 19:52:54,Normal,3.51,None
899,SENSOR_3,Farm C,14.34,30.0,40.2,2025-06-21 12:14:53,Dry,3.16,Irrigate
900,SENSOR_2,Farm C,44.95,31.4,80.5,2025-07-31 00:53:10,Wet,3.62,Reduce Irrigation
901,SENSOR_7,Farm B,49.27,32.6,74.0,2025-06-20 09:40:07,Wet,3.36,None
902,SENSOR_2,Farm C,55.61,26.7,57.3,2025-07-31 11:52:09,Critical High,3.43,Reduce Irrigation
903,SENSOR_4,Farm B,65.45,24.1,51.7,2025-06-16 06:48:45,Critical High,3.49,Reduce Irrigation
904,SENSOR_5,Farm A,46.21,27.7,28.2,2025-07-01 11:47:15,Wet,3.47,None
905,SENSOR_4,Farm A,55.86,30.5,54.2,2025-07-14 13:41:20,Wet,3.35,Reduce Irrigation
906,SENSOR_4,Farm C,54.68,28.1,66.8,2025-06-22 00:51:30,Wet,3.2,None
907,SENSOR_6,Farm C,53.53,28.3,50.0,2025-06-15 10:25:52,Wet,3.42,None
908,SENSOR_3,Farm B,59.02,27.1,39.0,2025-07-22 07:36:00,Critical High,3.21,Reduce Irrigation
909,SENSOR_9,Farm C,29.84,28.2,67.2,2025-06-13 00:26:51,Normal,3.42,None
910,SENSOR_3,Farm A,11.85,21.6,99.0,2025-07-18 21:41:15,Critical Low,3.51,Irrigate
911,SENSOR_1,Farm B,33.46,24.3,66.7,2025-06-05 12:10:53,Normal,3.46,None
912,SENSOR_7,Farm A,17.94,25.5,71.7,2025-06-03 20:07:53,Dry,3.1,Irrigate
913,SENSOR_9,Farm B,19.44,28.2,92.6,2025-06-19 18:51:22,Dry,3.48,Irrigate
914,SENSOR_4,Farm C,35.45,26.9,70.5,2025-07-02 15:09:53,Normal,3.37,None
915,SENSOR_2,Farm A,63.52,29.1,72.3,2025-06-19 21:14:01,Wet,3.35,Reduce Irrigation
916,SENSOR_1,Farm A,44.65,27.0,90.5,2025-07-15 13:24:44,Wet,3.56,None
917,SENSOR_7,Farm C,69.93,25.4,79.4,2025-06-24 15:21:38,Critical High,3.27,Reduce Irrigation
918,SENSOR_2,Farm C,47.9,30.6,34.9,2025-06-17 10:11:13,Wet,3.19,None
919,SENSOR_2,Farm C,17.71,34.0,70.7,2025-07-24 13:00:33,Dry,3.27,Irrigate
920,SENSOR_1,Farm B,46.38,28.6,40.2,2025-06-17 12:54:27,Wet,3.2,None
921,SENSOR_7,Farm A,66.68,33.1,63.3,2025-06-01 15:59:59,Critical High,3.55,Reduce Irrigation
922,SENSOR_2,Farm B,33.08,23.0,35.3,2025-07-01 21:58:42,Normal,3.54,None
923,SENSOR_1,Farm C,19.5,28.3,93.2,2025-07-10 14:43:17,Dry,3.21,Irrigate
924,SENSOR_4,Farm A,35.99,23.3,57.4,2025-07-01 19:58:26,Normal,3.14,None
925,SENSOR_1,Farm B,84.12,28.5,69.5,2025-05-31 23:51:53,Critical High,3.64,Reduce Irrigation
926,SENSOR_5,Farm C,37.74,26.9,78.5,2025-07-05 07:59:15,Normal,3.38,None
927,SENSOR_1,Farm B,48.48,25.3,70.1,2025-07-11 16:06:49,Wet,3.31,None
928,SENSOR_9,Farm A,18.88,32.3,82.7,2025-07-15 09:35:10,Dry,3.54,Irrigate
929,SENSOR_6,Farm B,54.96,35.0,70.9,2025-07-19 16:15:16,Wet,3.29,Reduce Irrigation
930,SENSOR_3,Farm C,8.0,20.2,98.0,2025-06-29 14:09:55,Critical Low,3.48,Irrigate
931,SENSOR_3,Farm A,37.81,24.5,71.6,2025-06-27 10:07:40,Normal,3.33,None
932,SENSOR_7,Farm B,62.53,31.8,47.6,2025-07-20 13:38:47,Wet,3.2,Reduce Irrigation
933,SENSOR_3,Farm B,30.99,30.7,91.2,2025-07-24 22:17:48,Normal,3.78,None
934,SENSOR_4,Farm C,57.21,26.2,25.5,2025-07-10 09:05:39,Critical High,3.3,Reduce Irrigation
935,SENSOR_2,Farm A,33.17,25.6,52.7,2025-07-11 06:33:01,Normal,3.51,None
936,SENSOR_9,Farm A,48.96,35.9,83.5,2025-07-30 21:40:08,Wet,3.55,None
937,SENSOR_2,Farm C,14.32,22.6,54.2,2025-07-20 07:13:18,Dry,3.42,Irrigate
938,SENSOR_4,Farm C,37.58,30.1,35.0,2025-06-27 07:33:24,Normal,3.29,None
939,SENSOR_6,Farm B,61.6,29.2,70.4,2025-06-12 15:35:41,Wet,3.7,Reduce Irrigation
940,SENSOR_1,Farm C,8.0,30.8,63.0,2025-07-13 03:56:31,Critical Low,3.56,Irrigate
941,SENSOR_9,Farm B,23.89,24.1,76.1,2025-07-14 23:15:55,Dry,3.47,Irrigate
942,SENSOR_4,Farm C,66.94,32.0,60.1,2025-07-29 02:50:16,Wet,3.02,Reduce Irrigation
943,SENSOR_9,Farm C,28.11,27.5,75.4,2025-06-04 16:54:14,Normal,3.39,None
944,SENSOR_4,Farm C,56.4,30.4,53.2,2025-07-21 18:57:01,Critical High,3.44,Reduce Irrigation
945,SENSOR_7,Farm B,46.78,26.4,66.4,2025-07-29 07:59:11,Wet,3.45,Reduce Irrigation
946,SENSOR_1,Farm A,53.61,27.8,66.6,2025-07-07 01:14:15,Wet,3.22,None
947,SENSOR_9,Farm C,22.01,34.8,71.7,2025-08-04 22:05:03,Dry,3.44,Irrigate
948,SENSOR_7,Farm C,36.63,21.6,56.6,2025-07-19 23:25:22,Normal,3.61,None
949,SENSOR_5,Farm C,12.46,25.7,66.6,2025-07-10 15:02:10,Critical Low,3.8,Irrigate
950,SENSOR_6,Farm B,37.58,32.8,79.9,2025-06-29 22:43:55,Normal,3.52,None
951,SENSOR_4,Farm C,84.12,24.6,73.1,2025-07-16 23:27:57,Critical High,3.32,Reduce Irrigation
952,SENSOR_3,Farm C,33.3,32.2,27.4,2025-07-09 11:20:19,Normal,3.51,None
953,SENSOR_8,Farm C,81.69,26.2,70.5,2025-06-14 11:32:59,Critical High,3.19,Reduce Irrigation
954,SENSOR_4,Farm B,51.26,32.6,41.4,2025-06-27 19:26:17,Wet,3.27,None
955,SENSOR_4,Farm B,8.0,29.9,56.6,2025-06-24 06:44:37,Dry,3.54,Irrigate
956,SENSOR_2,Farm B,28.13,29.4,99.0,2025-06-13 01:34:17,Normal,3.34,None
957,SENSOR_2,Farm B,66.3,24.2,55.9,2025-07-20 09:57:33,Wet,3.18,Reduce Irrigation
958,SENSOR_8,Farm C,29.4,20.2,65.9,2025-06-14 04:39:02,Normal,3.0,None
959,SENSOR_6,Farm A,52.5,33.1,43.5,2025-06-06 08:11:46,Wet,3.36,Reduce Irrigation
960,SENSOR_3,Farm A,84.12,27.9,35.1,2025-08-03 08:02:37,Wet,3.63,Reduce Irrigation
961,SENSOR_3,Farm A,18.8,33.3,41.4,2025-07-23 16:03:27,Dry,3.51,Irrigate
962,SENSOR_3,Farm A,43.41,29.1,24.0,2025-07-24 07:38:42,Wet,3.73,None
963,SENSOR_8,Farm A,39.28,31.6,71.1,2025-07-12 23:06:32,Normal,3.18,None
964,SENSOR_2,Farm C,14.06,20.6,63.9,2025-07-07 04:09:56,Dry,3.31,Irrigate
965,SENSOR_3,Farm B,35.87,38.5,42.3,2025-07-18 03:15:46,Normal,3.52,None
966,SENSOR_8,Farm B,8.8,31.0,42.2,2025-06-05 00:26:41,Dry,3.4,Irrigate
967,SENSOR_1,Farm A,43.0,27.4,80.0,2025-06-08 12:21:03,Wet,3.68,None
968,SENSOR_6,Farm C,76.97,22.3,30.1,2025-07-21 23:26:41,Wet,3.25,Reduce Irrigation
969,SENSOR_5,Farm A,35.37,31.9,41.4,2025-06-16 04:51:01,Normal,3.46,None
970,SENSOR_1,Farm B,33.01,29.3,68.2,2025-07-13 14:13:10,Normal,3.11,None
971,SENSOR_8,Farm C,30.69,29.2,76.4,2025-07-09 19:48:31,Normal,3.55,None
972,SENSOR_6,Farm A,66.99,29.1,71.9,2025-07-19 14:21:21,Critical High,3.3,Reduce Irrigation
973,SENSOR_4,Farm A,64.2,30.0,56.2,2025-07-04 16:42:42,Critical High,3.8,Reduce Irrigation
974,SENSOR_4,Farm B,11.35,34.6,47.2,2025-06-07 19:02:24,Critical Low,3.28,Irrigate
975,SENSOR_2,Farm C,8.0,28.3,52.1,2025-07-04 10:34:03,Critical Low,3.29,Irrigate
976,SENSOR_7,Farm B,66.98,25.4,69.0,2025-07-23 19:28:50,Wet,3.8,Reduce Irrigation
977,SENSOR_8,Farm C,24.77,26.2,70.7,2025-07-14 18:21:03,Dry,3.51,Irrigate
978,SENSOR_4,Farm B,66.69,33.0,98.3,2025-07-20 10:00:46,Critical High,3.49,Reduce Irrigation
979,SENSOR_5,Farm C,43.22,26.1,65.5,2025-06-29 09:33:25,Wet,3.55,None
980,SENSOR_8,Farm B,44.31,26.4,51.6,2025-06-15 13:08:56,Wet,3.64,Reduce Irrigation
981,SENSOR_7,Farm C,8.0,25.9,97.1,2025-06-05 15:19:16,Dry,3.08,Irrigate
982,SENSOR_6,Farm B,24.96,29.7,62.9,2025-06-25 22:31:45,Dry,3.59,Irrigate
983,SENSOR_9,Farm B,34.64,25.8,62.3,2025-06-20 15:39:14,Normal,3.16,None
984,SENSOR_1,Farm A,33.39,27.0,47.9,2025-06-17 20:17:27,Normal,3.33,None
985,SENSOR_7,Farm B,38.2,22.1,34.1,2025-06-19 19:55:40,Normal,3.44,None
986,SENSOR_8,Farm A,67.57,34.2,58.9,2025-06-07 20:09:25,Critical High,3.02,Reduce Irrigation
987,SENSOR_9,Farm A,22.8,26.5,38.9,2025-07-05 17:07:02,Dry,3.75,Irrigate
988,SENSOR_9,Farm A,14.59,35.3,57.0,2025-06-02 01:34:57,Dry,3.51,Irrigate
989,SENSOR_2,Farm B,57.47,27.4,61.0,2025-06-05 16:25:13,Critical High,3.28,Reduce Irrigation
990,SENSOR_7,Farm C,29.41,31.0,57.7,2025-07-31 23:40:08,Normal,3.5,None
991,SENSOR_4,Farm B,30.68,35.1,52.4,2025-06-29 10:14:07,Normal,3.21,None
992,SENSOR_9,Farm B,26.83,22.3,89.4,2025-07-30 18:51:01,Normal,3.8,None
993,SENSOR_3,Farm C,26.24,24.8,98.3,2025-06-18 01:20:33,Normal,3.26,None
994,SENSOR_9,Farm C,36.72,27.5,54.1,2025-06-27 06:14:58,Normal,3.13,None
995,SENSOR_1,Farm B,28.69,38.5,29.5,2025-07-07 12:02:37,Normal,3.64,None
996,SENSOR_8,Farm B,27.01,27.9,68.3,2025-07-26 14:21:04,Normal,3.8,None
997,SENSOR_5,Farm A,63.72,23.0,24.0,2025-06-06 13:31:37,Wet,3.54,Reduce Irrigation
998,SENSOR_1,Farm A,42.47,25.9,60.6,2025-06-14 22:36:16,Wet,3.28,None
999,SENSOR_8,Farm C,73.78,20.2,62.5,2025-06-02 00:38:11,Wet,3.8,Reduce Irrigation
1000,SENSOR_8,Farm C,35.27,30.3,67.3,2025-06-09 04:00:33,Normal,3.59,None
1001,SENSOR_5,Farm A,46.97,23.9,92.0,2025-06-01 09:15:51,Wet,3.57,Reduce Irrigation
1002,SENSOR_9,Farm B,35.1,22.8,56.1,2025-06-17 12:48:06,Normal,3.61,None
1003,SENSOR_3,Farm B,64.45,24.5,61.1,2025-06-20 08:06:27,Wet,3.43,Reduce Irrigation
1004,SENSOR_5,Farm A,12.04,27.8,66.3,2025-07-04 07:44:10,Critical Low,3.17,Irrigate
1005,SENSOR_7,Farm C,18.18,27.8,45.0,2025-06-06 18:14:00,Dry,3.53,Irrigate
1006,SENSOR_2,Farm C,18.68,31.0,74.5,2025-07-27 14:36:45,Dry,3.65,Irrigate
1007,SENSOR_3,Farm C,55.13,20.2,38.2,2025-07-31 11:19:55,Critical High,3.71,Reduce Irrigation
1008,SENSOR_9,Farm C,79.81,29.0,52.5,2025-07-06 14:42:52,Critical High,3.07,Reduce Irrigation
1009,SENSOR_3,Farm C,45.7,25.0,82.0,2025-07-11 01:05:26,Wet,3.43,Reduce Irrigation
1010,SENSOR_6,Farm A,33.12,37.2,50.5,2025-07-19 15:34:58,Normal,3.37,None
